"","DateTime","Baro_mmHg_filled"
"1",2018-08-16 01:00:00,761.8
"2",2018-08-16 01:05:00,761.8
"3",2018-08-16 01:10:00,761.8
"4",2018-08-16 01:15:00,761.8
"5",2018-08-16 01:20:00,761.8
"6",2018-08-16 01:25:00,761.8
"7",2018-08-16 01:30:00,761.8
"8",2018-08-16 01:35:00,761.8
"9",2018-08-16 01:40:00,761.8
"10",2018-08-16 01:45:00,761.8
"11",2018-08-16 01:50:00,761.9
"12",2018-08-16 01:55:00,762
"13",2018-08-16 02:00:00,762.1
"14",2018-08-16 02:05:00,762.1
"15",2018-08-16 02:10:00,762.1
"16",2018-08-16 02:15:00,762.1
"17",2018-08-16 02:20:00,762.1
"18",2018-08-16 02:25:00,762.1
"19",2018-08-16 02:30:00,762.1
"20",2018-08-16 02:35:00,762.1
"21",2018-08-16 02:40:00,762.1
"22",2018-08-16 02:45:00,762.1
"23",2018-08-16 02:50:00,762.133333333333
"24",2018-08-16 02:55:00,762.166666666667
"25",2018-08-16 03:00:00,762.2
"26",2018-08-16 03:05:00,762.2
"27",2018-08-16 03:10:00,762.2
"28",2018-08-16 03:15:00,762.2
"29",2018-08-16 03:20:00,762.2
"30",2018-08-16 03:25:00,762.2
"31",2018-08-16 03:30:00,762.2
"32",2018-08-16 03:35:00,762.2
"33",2018-08-16 03:40:00,762.2
"34",2018-08-16 03:45:00,762.2
"35",2018-08-16 03:50:00,762.3
"36",2018-08-16 03:55:00,762.4
"37",2018-08-16 04:00:00,762.5
"38",2018-08-16 04:05:00,762.5
"39",2018-08-16 04:10:00,762.5
"40",2018-08-16 04:15:00,762.5
"41",2018-08-16 04:20:00,762.5
"42",2018-08-16 04:25:00,762.5
"43",2018-08-16 04:30:00,762.5
"44",2018-08-16 04:35:00,762.5
"45",2018-08-16 04:40:00,762.5
"46",2018-08-16 04:45:00,762.5
"47",2018-08-16 04:50:00,762.533333333333
"48",2018-08-16 04:55:00,762.566666666667
"49",2018-08-16 05:00:00,762.6
"50",2018-08-16 05:05:00,762.6
"51",2018-08-16 05:10:00,762.6
"52",2018-08-16 05:15:00,762.6
"53",2018-08-16 05:20:00,762.6
"54",2018-08-16 05:25:00,762.6
"55",2018-08-16 05:30:00,762.6
"56",2018-08-16 05:35:00,762.6
"57",2018-08-16 05:40:00,762.6
"58",2018-08-16 05:45:00,762.6
"59",2018-08-16 05:50:00,762.666666666667
"60",2018-08-16 05:55:00,762.733333333333
"61",2018-08-16 06:00:00,762.8
"62",2018-08-16 06:05:00,762.8
"63",2018-08-16 06:10:00,762.8
"64",2018-08-16 06:15:00,762.8
"65",2018-08-16 06:20:00,762.8
"66",2018-08-16 06:25:00,762.8
"67",2018-08-16 06:30:00,762.8
"68",2018-08-16 06:35:00,762.8
"69",2018-08-16 06:40:00,762.8
"70",2018-08-16 06:45:00,762.8
"71",2018-08-16 06:50:00,762.866666666667
"72",2018-08-16 06:55:00,762.933333333333
"73",2018-08-16 07:00:00,763
"74",2018-08-16 07:05:00,763
"75",2018-08-16 07:10:00,763
"76",2018-08-16 07:15:00,763
"77",2018-08-16 07:20:00,763
"78",2018-08-16 07:25:00,763
"79",2018-08-16 07:30:00,763
"80",2018-08-16 07:35:00,763
"81",2018-08-16 07:40:00,763
"82",2018-08-16 07:45:00,763
"83",2018-08-16 07:50:00,763.266666666667
"84",2018-08-16 07:55:00,763.533333333333
"85",2018-08-16 08:00:00,763.8
"86",2018-08-16 08:05:00,763.8
"87",2018-08-16 08:10:00,763.8
"88",2018-08-16 08:15:00,763.8
"89",2018-08-16 08:20:00,763.8
"90",2018-08-16 08:25:00,763.8
"91",2018-08-16 08:30:00,763.8
"92",2018-08-16 08:35:00,763.8
"93",2018-08-16 08:40:00,763.8
"94",2018-08-16 08:45:00,763.8
"95",2018-08-16 08:50:00,763.9
"96",2018-08-16 08:55:00,764
"97",2018-08-16 09:00:00,764.1
"98",2018-08-16 09:05:00,764.1
"99",2018-08-16 09:10:00,764.1
"100",2018-08-16 09:15:00,764.1
"101",2018-08-16 09:20:00,764.1
"102",2018-08-16 09:25:00,764.1
"103",2018-08-16 09:30:00,764.1
"104",2018-08-16 09:35:00,764.1
"105",2018-08-16 09:40:00,764.1
"106",2018-08-16 09:45:00,764.1
"107",2018-08-16 09:50:00,764.233333333333
"108",2018-08-16 09:55:00,764.366666666667
"109",2018-08-16 10:00:00,764.5
"110",2018-08-16 10:05:00,764.5
"111",2018-08-16 10:10:00,764.5
"112",2018-08-16 10:15:00,764.5
"113",2018-08-16 10:20:00,764.5
"114",2018-08-16 10:25:00,764.5
"115",2018-08-16 10:30:00,764.5
"116",2018-08-16 10:35:00,764.5
"117",2018-08-16 10:40:00,764.5
"118",2018-08-16 10:45:00,764.5
"119",2018-08-16 10:50:00,764.533333333333
"120",2018-08-16 10:55:00,764.566666666667
"121",2018-08-16 11:00:00,764.6
"122",2018-08-16 11:05:00,764.6
"123",2018-08-16 11:10:00,764.6
"124",2018-08-16 11:15:00,764.6
"125",2018-08-16 11:20:00,764.6
"126",2018-08-16 11:25:00,764.6
"127",2018-08-16 11:30:00,764.6
"128",2018-08-16 11:35:00,764.6
"129",2018-08-16 11:40:00,764.6
"130",2018-08-16 11:45:00,764.6
"131",2018-08-16 11:50:00,764.633333333333
"132",2018-08-16 11:55:00,764.666666666667
"133",2018-08-16 12:00:00,764.7
"134",2018-08-16 12:05:00,764.7
"135",2018-08-16 12:10:00,764.7
"136",2018-08-16 12:15:00,764.7
"137",2018-08-16 12:20:00,764.7
"138",2018-08-16 12:25:00,764.7
"139",2018-08-16 12:30:00,764.7
"140",2018-08-16 12:35:00,764.7
"141",2018-08-16 12:40:00,764.7
"142",2018-08-16 12:45:00,764.7
"143",2018-08-16 12:50:00,764.666666666667
"144",2018-08-16 12:55:00,764.633333333333
"145",2018-08-16 13:00:00,764.6
"146",2018-08-16 13:05:00,764.6
"147",2018-08-16 13:10:00,764.6
"148",2018-08-16 13:15:00,764.6
"149",2018-08-16 13:20:00,764.6
"150",2018-08-16 13:25:00,764.6
"151",2018-08-16 13:30:00,764.6
"152",2018-08-16 13:35:00,764.6
"153",2018-08-16 13:40:00,764.6
"154",2018-08-16 13:45:00,764.6
"155",2018-08-16 13:50:00,764.6
"156",2018-08-16 13:55:00,764.6
"157",2018-08-16 14:00:00,764.6
"158",2018-08-16 14:05:00,764.6
"159",2018-08-16 14:10:00,764.6
"160",2018-08-16 14:15:00,764.6
"161",2018-08-16 14:20:00,764.6
"162",2018-08-16 14:25:00,764.6
"163",2018-08-16 14:30:00,764.6
"164",2018-08-16 14:35:00,764.6
"165",2018-08-16 14:40:00,764.6
"166",2018-08-16 14:45:00,764.6
"167",2018-08-16 14:50:00,764.533333333333
"168",2018-08-16 14:55:00,764.466666666667
"169",2018-08-16 15:00:00,764.4
"170",2018-08-16 15:05:00,764.4
"171",2018-08-16 15:10:00,764.4
"172",2018-08-16 15:15:00,764.4
"173",2018-08-16 15:20:00,764.4
"174",2018-08-16 15:25:00,764.4
"175",2018-08-16 15:30:00,764.4
"176",2018-08-16 15:35:00,764.4
"177",2018-08-16 15:40:00,764.4
"178",2018-08-16 15:45:00,764.4
"179",2018-08-16 15:50:00,764.4
"180",2018-08-16 15:55:00,764.4
"181",2018-08-16 16:00:00,764.4
"182",2018-08-16 16:05:00,764.4
"183",2018-08-16 16:10:00,764.4
"184",2018-08-16 16:15:00,764.4
"185",2018-08-16 16:20:00,764.4
"186",2018-08-16 16:25:00,764.4
"187",2018-08-16 16:30:00,764.4
"188",2018-08-16 16:35:00,764.4
"189",2018-08-16 16:40:00,764.4
"190",2018-08-16 16:45:00,764.4
"191",2018-08-16 16:50:00,764.366666666667
"192",2018-08-16 16:55:00,764.333333333333
"193",2018-08-16 17:00:00,764.3
"194",2018-08-16 17:05:00,764.3
"195",2018-08-16 17:10:00,764.3
"196",2018-08-16 17:15:00,764.3
"197",2018-08-16 17:20:00,764.3
"198",2018-08-16 17:25:00,764.3
"199",2018-08-16 17:30:00,764.3
"200",2018-08-16 17:35:00,764.3
"201",2018-08-16 17:40:00,764.3
"202",2018-08-16 17:45:00,764.3
"203",2018-08-16 17:50:00,764.133333333333
"204",2018-08-16 17:55:00,763.966666666667
"205",2018-08-16 18:00:00,763.8
"206",2018-08-16 18:05:00,763.8
"207",2018-08-16 18:10:00,763.8
"208",2018-08-16 18:15:00,763.8
"209",2018-08-16 18:20:00,763.8
"210",2018-08-16 18:25:00,763.8
"211",2018-08-16 18:30:00,763.8
"212",2018-08-16 18:35:00,763.8
"213",2018-08-16 18:40:00,763.8
"214",2018-08-16 18:45:00,763.8
"215",2018-08-16 18:50:00,763.6
"216",2018-08-16 18:55:00,763.4
"217",2018-08-16 19:00:00,763.2
"218",2018-08-16 19:05:00,763.2
"219",2018-08-16 19:10:00,763.2
"220",2018-08-16 19:15:00,763.2
"221",2018-08-16 19:20:00,763.2
"222",2018-08-16 19:25:00,763.2
"223",2018-08-16 19:30:00,763.2
"224",2018-08-16 19:35:00,763.2
"225",2018-08-16 19:40:00,763.2
"226",2018-08-16 19:45:00,763.2
"227",2018-08-16 19:50:00,763.233333333333
"228",2018-08-16 19:55:00,763.266666666667
"229",2018-08-16 20:00:00,763.3
"230",2018-08-16 20:05:00,763.3
"231",2018-08-16 20:10:00,763.3
"232",2018-08-16 20:15:00,763.3
"233",2018-08-16 20:20:00,763.3
"234",2018-08-16 20:25:00,763.3
"235",2018-08-16 20:30:00,763.3
"236",2018-08-16 20:35:00,763.3
"237",2018-08-16 20:40:00,763.3
"238",2018-08-16 20:45:00,763.3
"239",2018-08-16 20:50:00,763.333333333333
"240",2018-08-16 20:55:00,763.366666666667
"241",2018-08-16 21:00:00,763.4
"242",2018-08-16 21:05:00,763.4
"243",2018-08-16 21:10:00,763.4
"244",2018-08-16 21:15:00,763.4
"245",2018-08-16 21:20:00,763.4
"246",2018-08-16 21:25:00,763.4
"247",2018-08-16 21:30:00,763.4
"248",2018-08-16 21:35:00,763.4
"249",2018-08-16 21:40:00,763.4
"250",2018-08-16 21:45:00,763.4
"251",2018-08-16 21:50:00,763.5
"252",2018-08-16 21:55:00,763.6
"253",2018-08-16 22:00:00,763.7
"254",2018-08-16 22:05:00,763.7
"255",2018-08-16 22:10:00,763.7
"256",2018-08-16 22:15:00,763.7
"257",2018-08-16 22:20:00,763.7
"258",2018-08-16 22:25:00,763.7
"259",2018-08-16 22:30:00,763.7
"260",2018-08-16 22:35:00,763.7
"261",2018-08-16 22:40:00,763.7
"262",2018-08-16 22:45:00,763.7
"263",2018-08-16 22:50:00,763.733333333333
"264",2018-08-16 22:55:00,763.766666666667
"265",2018-08-16 23:00:00,763.8
"266",2018-08-16 23:05:00,763.8
"267",2018-08-16 23:10:00,763.8
"268",2018-08-16 23:15:00,763.8
"269",2018-08-16 23:20:00,763.8
"270",2018-08-16 23:25:00,763.8
"271",2018-08-16 23:30:00,763.8
"272",2018-08-16 23:35:00,763.8
"273",2018-08-16 23:40:00,763.8
"274",2018-08-16 23:45:00,763.8
"275",2018-08-16 23:50:00,763.833333333333
"276",2018-08-16 23:55:00,763.866666666667
"277",2018-08-17 00:00:00,763.9
"278",2018-08-17 00:05:00,763.9
"279",2018-08-17 00:10:00,763.9
"280",2018-08-17 00:15:00,763.9
"281",2018-08-17 00:20:00,763.9
"282",2018-08-17 00:25:00,763.9
"283",2018-08-17 00:30:00,763.9
"284",2018-08-17 00:35:00,763.9
"285",2018-08-17 00:40:00,763.9
"286",2018-08-17 00:45:00,763.9
"287",2018-08-17 00:50:00,763.966666666667
"288",2018-08-17 00:55:00,764.033333333333
"289",2018-08-17 01:00:00,764.1
"290",2018-08-17 01:05:00,764.1
"291",2018-08-17 01:10:00,764.1
"292",2018-08-17 01:15:00,764.1
"293",2018-08-17 01:20:00,764.1
"294",2018-08-17 01:25:00,764.1
"295",2018-08-17 01:30:00,764.1
"296",2018-08-17 01:35:00,764.1
"297",2018-08-17 01:40:00,764.1
"298",2018-08-17 01:45:00,764.1
"299",2018-08-17 01:50:00,764.066666666667
"300",2018-08-17 01:55:00,764.033333333333
"301",2018-08-17 02:00:00,764
"302",2018-08-17 02:05:00,764
"303",2018-08-17 02:10:00,764
"304",2018-08-17 02:15:00,764
"305",2018-08-17 02:20:00,764
"306",2018-08-17 02:25:00,764
"307",2018-08-17 02:30:00,764
"308",2018-08-17 02:35:00,764
"309",2018-08-17 02:40:00,764
"310",2018-08-17 02:45:00,764
"311",2018-08-17 02:50:00,764.033333333333
"312",2018-08-17 02:55:00,764.066666666667
"313",2018-08-17 03:00:00,764.1
"314",2018-08-17 03:05:00,764.1
"315",2018-08-17 03:10:00,764.1
"316",2018-08-17 03:15:00,764.1
"317",2018-08-17 03:20:00,764.1
"318",2018-08-17 03:25:00,764.1
"319",2018-08-17 03:30:00,764.1
"320",2018-08-17 03:35:00,764.1
"321",2018-08-17 03:40:00,764.1
"322",2018-08-17 03:45:00,764.1
"323",2018-08-17 03:50:00,764.1
"324",2018-08-17 03:55:00,764.1
"325",2018-08-17 04:00:00,764.1
"326",2018-08-17 04:05:00,764.1
"327",2018-08-17 04:10:00,764.1
"328",2018-08-17 04:15:00,764.1
"329",2018-08-17 04:20:00,764.1
"330",2018-08-17 04:25:00,764.1
"331",2018-08-17 04:30:00,764.1
"332",2018-08-17 04:35:00,764.1
"333",2018-08-17 04:40:00,764.1
"334",2018-08-17 04:45:00,764.1
"335",2018-08-17 04:50:00,764.133333333333
"336",2018-08-17 04:55:00,764.166666666667
"337",2018-08-17 05:00:00,764.2
"338",2018-08-17 05:05:00,764.2
"339",2018-08-17 05:10:00,764.2
"340",2018-08-17 05:15:00,764.2
"341",2018-08-17 05:20:00,764.2
"342",2018-08-17 05:25:00,764.2
"343",2018-08-17 05:30:00,764.2
"344",2018-08-17 05:35:00,764.2
"345",2018-08-17 05:40:00,764.2
"346",2018-08-17 05:45:00,764.2
"347",2018-08-17 05:50:00,764.233333333333
"348",2018-08-17 05:55:00,764.266666666667
"349",2018-08-17 06:00:00,764.3
"350",2018-08-17 06:05:00,764.3
"351",2018-08-17 06:10:00,764.3
"352",2018-08-17 06:15:00,764.3
"353",2018-08-17 06:20:00,764.3
"354",2018-08-17 06:25:00,764.3
"355",2018-08-17 06:30:00,764.3
"356",2018-08-17 06:35:00,764.3
"357",2018-08-17 06:40:00,764.3
"358",2018-08-17 06:45:00,764.3
"359",2018-08-17 06:50:00,764.433333333333
"360",2018-08-17 06:55:00,764.566666666667
"361",2018-08-17 07:00:00,764.7
"362",2018-08-17 07:05:00,764.7
"363",2018-08-17 07:10:00,764.7
"364",2018-08-17 07:15:00,764.7
"365",2018-08-17 07:20:00,764.7
"366",2018-08-17 07:25:00,764.7
"367",2018-08-17 07:30:00,764.7
"368",2018-08-17 07:35:00,764.7
"369",2018-08-17 07:40:00,764.7
"370",2018-08-17 07:45:00,764.7
"371",2018-08-17 07:50:00,764.8
"372",2018-08-17 07:55:00,764.9
"373",2018-08-17 08:00:00,765
"374",2018-08-17 08:05:00,765
"375",2018-08-17 08:10:00,765
"376",2018-08-17 08:15:00,765
"377",2018-08-17 08:20:00,765
"378",2018-08-17 08:25:00,765
"379",2018-08-17 08:30:00,765
"380",2018-08-17 08:35:00,765
"381",2018-08-17 08:40:00,765
"382",2018-08-17 08:45:00,765
"383",2018-08-17 08:50:00,765.033333333333
"384",2018-08-17 08:55:00,765.066666666667
"385",2018-08-17 09:00:00,765.1
"386",2018-08-17 09:05:00,765.1
"387",2018-08-17 09:10:00,765.1
"388",2018-08-17 09:15:00,765.1
"389",2018-08-17 09:20:00,765.1
"390",2018-08-17 09:25:00,765.1
"391",2018-08-17 09:30:00,765.1
"392",2018-08-17 09:35:00,765.1
"393",2018-08-17 09:40:00,765.1
"394",2018-08-17 09:45:00,765.1
"395",2018-08-17 09:50:00,765.2
"396",2018-08-17 09:55:00,765.3
"397",2018-08-17 10:00:00,765.4
"398",2018-08-17 10:05:00,765.4
"399",2018-08-17 10:10:00,765.4
"400",2018-08-17 10:15:00,765.4
"401",2018-08-17 10:20:00,765.4
"402",2018-08-17 10:25:00,765.4
"403",2018-08-17 10:30:00,765.4
"404",2018-08-17 10:35:00,765.4
"405",2018-08-17 10:40:00,765.4
"406",2018-08-17 10:45:00,765.4
"407",2018-08-17 10:50:00,765.5
"408",2018-08-17 10:55:00,765.6
"409",2018-08-17 11:00:00,765.7
"410",2018-08-17 11:05:00,765.7
"411",2018-08-17 11:10:00,765.7
"412",2018-08-17 11:15:00,765.7
"413",2018-08-17 11:20:00,765.7
"414",2018-08-17 11:25:00,765.7
"415",2018-08-17 11:30:00,765.7
"416",2018-08-17 11:35:00,765.7
"417",2018-08-17 11:40:00,765.7
"418",2018-08-17 11:45:00,765.7
"419",2018-08-17 11:50:00,765.633333333333
"420",2018-08-17 11:55:00,765.566666666667
"421",2018-08-17 12:00:00,765.5
"422",2018-08-17 12:05:00,765.5
"423",2018-08-17 12:10:00,765.5
"424",2018-08-17 12:15:00,765.5
"425",2018-08-17 12:20:00,765.5
"426",2018-08-17 12:25:00,765.5
"427",2018-08-17 12:30:00,765.5
"428",2018-08-17 12:35:00,765.5
"429",2018-08-17 12:40:00,765.5
"430",2018-08-17 12:45:00,765.5
"431",2018-08-17 12:50:00,765.633333333333
"432",2018-08-17 12:55:00,765.766666666667
"433",2018-08-17 13:00:00,765.9
"434",2018-08-17 13:05:00,765.9
"435",2018-08-17 13:10:00,765.9
"436",2018-08-17 13:15:00,765.9
"437",2018-08-17 13:20:00,765.9
"438",2018-08-17 13:25:00,765.9
"439",2018-08-17 13:30:00,765.9
"440",2018-08-17 13:35:00,765.9
"441",2018-08-17 13:40:00,765.9
"442",2018-08-17 13:45:00,765.9
"443",2018-08-17 13:50:00,765.733333333333
"444",2018-08-17 13:55:00,765.566666666667
"445",2018-08-17 14:00:00,765.4
"446",2018-08-17 14:05:00,765.4
"447",2018-08-17 14:10:00,765.4
"448",2018-08-17 14:15:00,765.4
"449",2018-08-17 14:20:00,765.4
"450",2018-08-17 14:25:00,765.4
"451",2018-08-17 14:30:00,765.4
"452",2018-08-17 14:35:00,765.4
"453",2018-08-17 14:40:00,765.4
"454",2018-08-17 14:45:00,765.4
"455",2018-08-17 14:50:00,765.433333333333
"456",2018-08-17 14:55:00,765.466666666667
"457",2018-08-17 15:00:00,765.5
"458",2018-08-17 15:05:00,765.5
"459",2018-08-17 15:10:00,765.5
"460",2018-08-17 15:15:00,765.5
"461",2018-08-17 15:20:00,765.5
"462",2018-08-17 15:25:00,765.5
"463",2018-08-17 15:30:00,765.5
"464",2018-08-17 15:35:00,765.5
"465",2018-08-17 15:40:00,765.5
"466",2018-08-17 15:45:00,765.5
"467",2018-08-17 15:50:00,765.233333333333
"468",2018-08-17 15:55:00,764.966666666667
"469",2018-08-17 16:00:00,764.7
"470",2018-08-17 16:05:00,764.7
"471",2018-08-17 16:10:00,764.7
"472",2018-08-17 16:15:00,764.7
"473",2018-08-17 16:20:00,764.7
"474",2018-08-17 16:25:00,764.7
"475",2018-08-17 16:30:00,764.7
"476",2018-08-17 16:35:00,764.7
"477",2018-08-17 16:40:00,764.7
"478",2018-08-17 16:45:00,764.7
"479",2018-08-17 16:50:00,764.533333333333
"480",2018-08-17 16:55:00,764.366666666667
"481",2018-08-17 17:00:00,764.2
"482",2018-08-17 17:05:00,764.2
"483",2018-08-17 17:10:00,764.2
"484",2018-08-17 17:15:00,764.2
"485",2018-08-17 17:20:00,764.2
"486",2018-08-17 17:25:00,764.2
"487",2018-08-17 17:30:00,764.2
"488",2018-08-17 17:35:00,764.2
"489",2018-08-17 17:40:00,764.2
"490",2018-08-17 17:45:00,764.2
"491",2018-08-17 17:50:00,764.1
"492",2018-08-17 17:55:00,764
"493",2018-08-17 18:00:00,763.9
"494",2018-08-17 18:05:00,763.9
"495",2018-08-17 18:10:00,763.9
"496",2018-08-17 18:15:00,763.9
"497",2018-08-17 18:20:00,763.9
"498",2018-08-17 18:25:00,763.9
"499",2018-08-17 18:30:00,763.9
"500",2018-08-17 18:35:00,763.9
"501",2018-08-17 18:40:00,763.9
"502",2018-08-17 18:45:00,763.9
"503",2018-08-17 18:50:00,763.8
"504",2018-08-17 18:55:00,763.7
"505",2018-08-17 19:00:00,763.6
"506",2018-08-17 19:05:00,763.6
"507",2018-08-17 19:10:00,763.6
"508",2018-08-17 19:15:00,763.6
"509",2018-08-17 19:20:00,763.6
"510",2018-08-17 19:25:00,763.6
"511",2018-08-17 19:30:00,763.6
"512",2018-08-17 19:35:00,763.6
"513",2018-08-17 19:40:00,763.6
"514",2018-08-17 19:45:00,763.6
"515",2018-08-17 19:50:00,763.566666666667
"516",2018-08-17 19:55:00,763.533333333333
"517",2018-08-17 20:00:00,763.5
"518",2018-08-17 20:05:00,763.5
"519",2018-08-17 20:10:00,763.5
"520",2018-08-17 20:15:00,763.5
"521",2018-08-17 20:20:00,763.5
"522",2018-08-17 20:25:00,763.5
"523",2018-08-17 20:30:00,763.5
"524",2018-08-17 20:35:00,763.5
"525",2018-08-17 20:40:00,763.5
"526",2018-08-17 20:45:00,763.5
"527",2018-08-17 20:50:00,763.466666666667
"528",2018-08-17 20:55:00,763.433333333333
"529",2018-08-17 21:00:00,763.4
"530",2018-08-17 21:05:00,763.4
"531",2018-08-17 21:10:00,763.4
"532",2018-08-17 21:15:00,763.4
"533",2018-08-17 21:20:00,763.4
"534",2018-08-17 21:25:00,763.4
"535",2018-08-17 21:30:00,763.4
"536",2018-08-17 21:35:00,763.4
"537",2018-08-17 21:40:00,763.4
"538",2018-08-17 21:45:00,763.4
"539",2018-08-17 21:50:00,763.566666666667
"540",2018-08-17 21:55:00,763.733333333333
"541",2018-08-17 22:00:00,763.9
"542",2018-08-17 22:05:00,763.9
"543",2018-08-17 22:10:00,763.9
"544",2018-08-17 22:15:00,763.9
"545",2018-08-17 22:20:00,763.9
"546",2018-08-17 22:25:00,763.9
"547",2018-08-17 22:30:00,763.9
"548",2018-08-17 22:35:00,763.9
"549",2018-08-17 22:40:00,763.9
"550",2018-08-17 22:45:00,763.9
"551",2018-08-17 22:50:00,764
"552",2018-08-17 22:55:00,764.1
"553",2018-08-17 23:00:00,764.2
"554",2018-08-17 23:05:00,764.2
"555",2018-08-17 23:10:00,764.2
"556",2018-08-17 23:15:00,764.2
"557",2018-08-17 23:20:00,764.2
"558",2018-08-17 23:25:00,764.2
"559",2018-08-17 23:30:00,764.2
"560",2018-08-17 23:35:00,764.2
"561",2018-08-17 23:40:00,764.2
"562",2018-08-17 23:45:00,764.2
"563",2018-08-17 23:50:00,764.233333333333
"564",2018-08-17 23:55:00,764.266666666667
"565",2018-08-18 00:00:00,764.3
"566",2018-08-18 00:05:00,764.3
"567",2018-08-18 00:10:00,764.3
"568",2018-08-18 00:15:00,764.3
"569",2018-08-18 00:20:00,764.3
"570",2018-08-18 00:25:00,764.3
"571",2018-08-18 00:30:00,764.3
"572",2018-08-18 00:35:00,764.3
"573",2018-08-18 00:40:00,764.3
"574",2018-08-18 00:45:00,764.3
"575",2018-08-18 00:50:00,764.233333333333
"576",2018-08-18 00:55:00,764.166666666667
"577",2018-08-18 01:00:00,764.1
"578",2018-08-18 01:05:00,764.1
"579",2018-08-18 01:10:00,764.1
"580",2018-08-18 01:15:00,764.1
"581",2018-08-18 01:20:00,764.1
"582",2018-08-18 01:25:00,764.1
"583",2018-08-18 01:30:00,764.1
"584",2018-08-18 01:35:00,764.1
"585",2018-08-18 01:40:00,764.1
"586",2018-08-18 01:45:00,764.1
"587",2018-08-18 01:50:00,764.166666666667
"588",2018-08-18 01:55:00,764.233333333333
"589",2018-08-18 02:00:00,764.3
"590",2018-08-18 02:05:00,764.3
"591",2018-08-18 02:10:00,764.3
"592",2018-08-18 02:15:00,764.3
"593",2018-08-18 02:20:00,764.3
"594",2018-08-18 02:25:00,764.3
"595",2018-08-18 02:30:00,764.3
"596",2018-08-18 02:35:00,764.3
"597",2018-08-18 02:40:00,764.3
"598",2018-08-18 02:45:00,764.3
"599",2018-08-18 02:50:00,764.333333333333
"600",2018-08-18 02:55:00,764.366666666667
"601",2018-08-18 03:00:00,764.4
"602",2018-08-18 03:05:00,764.4
"603",2018-08-18 03:10:00,764.4
"604",2018-08-18 03:15:00,764.4
"605",2018-08-18 03:20:00,764.4
"606",2018-08-18 03:25:00,764.4
"607",2018-08-18 03:30:00,764.4
"608",2018-08-18 03:35:00,764.4
"609",2018-08-18 03:40:00,764.4
"610",2018-08-18 03:45:00,764.4
"611",2018-08-18 03:50:00,764.4
"612",2018-08-18 03:55:00,764.4
"613",2018-08-18 04:00:00,764.4
"614",2018-08-18 04:05:00,764.4
"615",2018-08-18 04:10:00,764.4
"616",2018-08-18 04:15:00,764.4
"617",2018-08-18 04:20:00,764.4
"618",2018-08-18 04:25:00,764.4
"619",2018-08-18 04:30:00,764.4
"620",2018-08-18 04:35:00,764.4
"621",2018-08-18 04:40:00,764.4
"622",2018-08-18 04:45:00,764.4
"623",2018-08-18 04:50:00,764.5
"624",2018-08-18 04:55:00,764.6
"625",2018-08-18 05:00:00,764.7
"626",2018-08-18 05:05:00,764.7
"627",2018-08-18 05:10:00,764.7
"628",2018-08-18 05:15:00,764.7
"629",2018-08-18 05:20:00,764.7
"630",2018-08-18 05:25:00,764.7
"631",2018-08-18 05:30:00,764.7
"632",2018-08-18 05:35:00,764.7
"633",2018-08-18 05:40:00,764.7
"634",2018-08-18 05:45:00,764.7
"635",2018-08-18 05:50:00,764.833333333333
"636",2018-08-18 05:55:00,764.966666666667
"637",2018-08-18 06:00:00,765.1
"638",2018-08-18 06:05:00,765.1
"639",2018-08-18 06:10:00,765.1
"640",2018-08-18 06:15:00,765.1
"641",2018-08-18 06:20:00,765.1
"642",2018-08-18 06:25:00,765.1
"643",2018-08-18 06:30:00,765.1
"644",2018-08-18 06:35:00,765.1
"645",2018-08-18 06:40:00,765.1
"646",2018-08-18 06:45:00,765.1
"647",2018-08-18 06:50:00,765.166666666667
"648",2018-08-18 06:55:00,765.233333333333
"649",2018-08-18 07:00:00,765.3
"650",2018-08-18 07:05:00,765.3
"651",2018-08-18 07:10:00,765.3
"652",2018-08-18 07:15:00,765.3
"653",2018-08-18 07:20:00,765.3
"654",2018-08-18 07:25:00,765.3
"655",2018-08-18 07:30:00,765.3
"656",2018-08-18 07:35:00,765.3
"657",2018-08-18 07:40:00,765.3
"658",2018-08-18 07:45:00,765.3
"659",2018-08-18 07:50:00,765.4
"660",2018-08-18 07:55:00,765.5
"661",2018-08-18 08:00:00,765.6
"662",2018-08-18 08:05:00,765.6
"663",2018-08-18 08:10:00,765.6
"664",2018-08-18 08:15:00,765.6
"665",2018-08-18 08:20:00,765.6
"666",2018-08-18 08:25:00,765.6
"667",2018-08-18 08:30:00,765.6
"668",2018-08-18 08:35:00,765.6
"669",2018-08-18 08:40:00,765.6
"670",2018-08-18 08:45:00,765.6
"671",2018-08-18 08:50:00,765.7
"672",2018-08-18 08:55:00,765.8
"673",2018-08-18 09:00:00,765.9
"674",2018-08-18 09:05:00,765.9
"675",2018-08-18 09:10:00,765.9
"676",2018-08-18 09:15:00,765.9
"677",2018-08-18 09:20:00,765.9
"678",2018-08-18 09:25:00,765.9
"679",2018-08-18 09:30:00,765.9
"680",2018-08-18 09:35:00,765.9
"681",2018-08-18 09:40:00,765.9
"682",2018-08-18 09:45:00,765.9
"683",2018-08-18 09:50:00,765.933333333333
"684",2018-08-18 09:55:00,765.966666666667
"685",2018-08-18 10:00:00,766
"686",2018-08-18 10:05:00,766
"687",2018-08-18 10:10:00,766
"688",2018-08-18 10:15:00,766
"689",2018-08-18 10:20:00,766
"690",2018-08-18 10:25:00,766
"691",2018-08-18 10:30:00,766
"692",2018-08-18 10:35:00,766
"693",2018-08-18 10:40:00,766
"694",2018-08-18 10:45:00,766
"695",2018-08-18 10:50:00,765.966666666667
"696",2018-08-18 10:55:00,765.933333333333
"697",2018-08-18 11:00:00,765.9
"698",2018-08-18 11:05:00,765.9
"699",2018-08-18 11:10:00,765.9
"700",2018-08-18 11:15:00,765.9
"701",2018-08-18 11:20:00,765.9
"702",2018-08-18 11:25:00,765.9
"703",2018-08-18 11:30:00,765.9
"704",2018-08-18 11:35:00,765.9
"705",2018-08-18 11:40:00,765.9
"706",2018-08-18 11:45:00,765.9
"707",2018-08-18 11:50:00,765.933333333333
"708",2018-08-18 11:55:00,765.966666666667
"709",2018-08-18 12:00:00,766
"710",2018-08-18 12:05:00,766
"711",2018-08-18 12:10:00,766
"712",2018-08-18 12:15:00,766
"713",2018-08-18 12:20:00,766
"714",2018-08-18 12:25:00,766
"715",2018-08-18 12:30:00,766
"716",2018-08-18 12:35:00,766
"717",2018-08-18 12:40:00,766
"718",2018-08-18 12:45:00,766
"719",2018-08-18 12:50:00,765.933333333333
"720",2018-08-18 12:55:00,765.866666666667
"721",2018-08-18 13:00:00,765.8
"722",2018-08-18 13:05:00,765.8
"723",2018-08-18 13:10:00,765.8
"724",2018-08-18 13:15:00,765.8
"725",2018-08-18 13:20:00,765.8
"726",2018-08-18 13:25:00,765.8
"727",2018-08-18 13:30:00,765.8
"728",2018-08-18 13:35:00,765.8
"729",2018-08-18 13:40:00,765.8
"730",2018-08-18 13:45:00,765.8
"731",2018-08-18 13:50:00,765.766666666667
"732",2018-08-18 13:55:00,765.733333333333
"733",2018-08-18 14:00:00,765.7
"734",2018-08-18 14:05:00,765.7
"735",2018-08-18 14:10:00,765.7
"736",2018-08-18 14:15:00,765.7
"737",2018-08-18 14:20:00,765.7
"738",2018-08-18 14:25:00,765.7
"739",2018-08-18 14:30:00,765.7
"740",2018-08-18 14:35:00,765.7
"741",2018-08-18 14:40:00,765.7
"742",2018-08-18 14:45:00,765.7
"743",2018-08-18 14:50:00,765.566666666667
"744",2018-08-18 14:55:00,765.433333333333
"745",2018-08-18 15:00:00,765.3
"746",2018-08-18 15:05:00,765.3
"747",2018-08-18 15:10:00,765.3
"748",2018-08-18 15:15:00,765.3
"749",2018-08-18 15:20:00,765.3
"750",2018-08-18 15:25:00,765.3
"751",2018-08-18 15:30:00,765.3
"752",2018-08-18 15:35:00,765.3
"753",2018-08-18 15:40:00,765.3
"754",2018-08-18 15:45:00,765.3
"755",2018-08-18 15:50:00,765.2
"756",2018-08-18 15:55:00,765.1
"757",2018-08-18 16:00:00,765
"758",2018-08-18 16:05:00,765
"759",2018-08-18 16:10:00,765
"760",2018-08-18 16:15:00,765
"761",2018-08-18 16:20:00,765
"762",2018-08-18 16:25:00,765
"763",2018-08-18 16:30:00,765
"764",2018-08-18 16:35:00,765
"765",2018-08-18 16:40:00,765
"766",2018-08-18 16:45:00,765
"767",2018-08-18 16:50:00,764.9
"768",2018-08-18 16:55:00,764.8
"769",2018-08-18 17:00:00,764.7
"770",2018-08-18 17:05:00,764.7
"771",2018-08-18 17:10:00,764.7
"772",2018-08-18 17:15:00,764.7
"773",2018-08-18 17:20:00,764.7
"774",2018-08-18 17:25:00,764.7
"775",2018-08-18 17:30:00,764.7
"776",2018-08-18 17:35:00,764.7
"777",2018-08-18 17:40:00,764.7
"778",2018-08-18 17:45:00,764.7
"779",2018-08-18 17:50:00,764.633333333333
"780",2018-08-18 17:55:00,764.566666666667
"781",2018-08-18 18:00:00,764.5
"782",2018-08-18 18:05:00,764.5
"783",2018-08-18 18:10:00,764.5
"784",2018-08-18 18:15:00,764.5
"785",2018-08-18 18:20:00,764.5
"786",2018-08-18 18:25:00,764.5
"787",2018-08-18 18:30:00,764.5
"788",2018-08-18 18:35:00,764.5
"789",2018-08-18 18:40:00,764.5
"790",2018-08-18 18:45:00,764.5
"791",2018-08-18 18:50:00,764.4
"792",2018-08-18 18:55:00,764.3
"793",2018-08-18 19:00:00,764.2
"794",2018-08-18 19:05:00,764.2
"795",2018-08-18 19:10:00,764.2
"796",2018-08-18 19:15:00,764.2
"797",2018-08-18 19:20:00,764.2
"798",2018-08-18 19:25:00,764.2
"799",2018-08-18 19:30:00,764.2
"800",2018-08-18 19:35:00,764.2
"801",2018-08-18 19:40:00,764.2
"802",2018-08-18 19:45:00,764.2
"803",2018-08-18 19:50:00,764.233333333333
"804",2018-08-18 19:55:00,764.266666666667
"805",2018-08-18 20:00:00,764.3
"806",2018-08-18 20:05:00,764.3
"807",2018-08-18 20:10:00,764.3
"808",2018-08-18 20:15:00,764.3
"809",2018-08-18 20:20:00,764.3
"810",2018-08-18 20:25:00,764.3
"811",2018-08-18 20:30:00,764.3
"812",2018-08-18 20:35:00,764.3
"813",2018-08-18 20:40:00,764.3
"814",2018-08-18 20:45:00,764.3
"815",2018-08-18 20:50:00,764.4
"816",2018-08-18 20:55:00,764.5
"817",2018-08-18 21:00:00,764.6
"818",2018-08-18 21:05:00,764.6
"819",2018-08-18 21:10:00,764.6
"820",2018-08-18 21:15:00,764.6
"821",2018-08-18 21:20:00,764.6
"822",2018-08-18 21:25:00,764.6
"823",2018-08-18 21:30:00,764.6
"824",2018-08-18 21:35:00,764.6
"825",2018-08-18 21:40:00,764.6
"826",2018-08-18 21:45:00,764.6
"827",2018-08-18 21:50:00,764.7
"828",2018-08-18 21:55:00,764.8
"829",2018-08-18 22:00:00,764.9
"830",2018-08-18 22:05:00,764.9
"831",2018-08-18 22:10:00,764.9
"832",2018-08-18 22:15:00,764.9
"833",2018-08-18 22:20:00,764.9
"834",2018-08-18 22:25:00,764.9
"835",2018-08-18 22:30:00,764.9
"836",2018-08-18 22:35:00,764.9
"837",2018-08-18 22:40:00,764.9
"838",2018-08-18 22:45:00,764.9
"839",2018-08-18 22:50:00,765.033333333333
"840",2018-08-18 22:55:00,765.166666666667
"841",2018-08-18 23:00:00,765.3
"842",2018-08-18 23:05:00,765.3
"843",2018-08-18 23:10:00,765.3
"844",2018-08-18 23:15:00,765.3
"845",2018-08-18 23:20:00,765.3
"846",2018-08-18 23:25:00,765.3
"847",2018-08-18 23:30:00,765.3
"848",2018-08-18 23:35:00,765.3
"849",2018-08-18 23:40:00,765.3
"850",2018-08-18 23:45:00,765.3
"851",2018-08-18 23:50:00,765.366666666667
"852",2018-08-18 23:55:00,765.433333333333
"853",2018-08-19 00:00:00,765.5
"854",2018-08-19 00:05:00,765.5
"855",2018-08-19 00:10:00,765.5
"856",2018-08-19 00:15:00,765.5
"857",2018-08-19 00:20:00,765.5
"858",2018-08-19 00:25:00,765.5
"859",2018-08-19 00:30:00,765.5
"860",2018-08-19 00:35:00,765.5
"861",2018-08-19 00:40:00,765.5
"862",2018-08-19 00:45:00,765.5
"863",2018-08-19 00:50:00,765.5
"864",2018-08-19 00:55:00,765.5
"865",2018-08-19 01:00:00,765.5
"866",2018-08-19 01:05:00,765.5
"867",2018-08-19 01:10:00,765.5
"868",2018-08-19 01:15:00,765.5
"869",2018-08-19 01:20:00,765.5
"870",2018-08-19 01:25:00,765.5
"871",2018-08-19 01:30:00,765.5
"872",2018-08-19 01:35:00,765.5
"873",2018-08-19 01:40:00,765.5
"874",2018-08-19 01:45:00,765.5
"875",2018-08-19 01:50:00,765.5
"876",2018-08-19 01:55:00,765.5
"877",2018-08-19 02:00:00,765.5
"878",2018-08-19 02:05:00,765.5
"879",2018-08-19 02:10:00,765.5
"880",2018-08-19 02:15:00,765.5
"881",2018-08-19 02:20:00,765.5
"882",2018-08-19 02:25:00,765.5
"883",2018-08-19 02:30:00,765.5
"884",2018-08-19 02:35:00,765.5
"885",2018-08-19 02:40:00,765.5
"886",2018-08-19 02:45:00,765.5
"887",2018-08-19 02:50:00,765.466666666667
"888",2018-08-19 02:55:00,765.433333333333
"889",2018-08-19 03:00:00,765.4
"890",2018-08-19 03:05:00,765.4
"891",2018-08-19 03:10:00,765.4
"892",2018-08-19 03:15:00,765.4
"893",2018-08-19 03:20:00,765.4
"894",2018-08-19 03:25:00,765.4
"895",2018-08-19 03:30:00,765.4
"896",2018-08-19 03:35:00,765.4
"897",2018-08-19 03:40:00,765.4
"898",2018-08-19 03:45:00,765.4
"899",2018-08-19 03:50:00,765.4
"900",2018-08-19 03:55:00,765.4
"901",2018-08-19 04:00:00,765.4
"902",2018-08-19 04:05:00,765.4
"903",2018-08-19 04:10:00,765.4
"904",2018-08-19 04:15:00,765.4
"905",2018-08-19 04:20:00,765.4
"906",2018-08-19 04:25:00,765.4
"907",2018-08-19 04:30:00,765.4
"908",2018-08-19 04:35:00,765.4
"909",2018-08-19 04:40:00,765.4
"910",2018-08-19 04:45:00,765.4
"911",2018-08-19 04:50:00,765.4
"912",2018-08-19 04:55:00,765.4
"913",2018-08-19 05:00:00,765.4
"914",2018-08-19 05:05:00,765.4
"915",2018-08-19 05:10:00,765.4
"916",2018-08-19 05:15:00,765.4
"917",2018-08-19 05:20:00,765.4
"918",2018-08-19 05:25:00,765.4
"919",2018-08-19 05:30:00,765.4
"920",2018-08-19 05:35:00,765.4
"921",2018-08-19 05:40:00,765.4
"922",2018-08-19 05:45:00,765.4
"923",2018-08-19 05:50:00,765.366666666667
"924",2018-08-19 05:55:00,765.333333333333
"925",2018-08-19 06:00:00,765.3
"926",2018-08-19 06:05:00,765.3
"927",2018-08-19 06:10:00,765.3
"928",2018-08-19 06:15:00,765.3
"929",2018-08-19 06:20:00,765.3
"930",2018-08-19 06:25:00,765.3
"931",2018-08-19 06:30:00,765.3
"932",2018-08-19 06:35:00,765.3
"933",2018-08-19 06:40:00,765.3
"934",2018-08-19 06:45:00,765.3
"935",2018-08-19 06:50:00,765.3
"936",2018-08-19 06:55:00,765.3
"937",2018-08-19 07:00:00,765.3
"938",2018-08-19 07:05:00,765.3
"939",2018-08-19 07:10:00,765.3
"940",2018-08-19 07:15:00,765.3
"941",2018-08-19 07:20:00,765.3
"942",2018-08-19 07:25:00,765.3
"943",2018-08-19 07:30:00,765.3
"944",2018-08-19 07:35:00,765.3
"945",2018-08-19 07:40:00,765.3
"946",2018-08-19 07:45:00,765.3
"947",2018-08-19 07:50:00,765.433333333333
"948",2018-08-19 07:55:00,765.566666666667
"949",2018-08-19 08:00:00,765.7
"950",2018-08-19 08:05:00,765.7
"951",2018-08-19 08:10:00,765.7
"952",2018-08-19 08:15:00,765.7
"953",2018-08-19 08:20:00,765.7
"954",2018-08-19 08:25:00,765.7
"955",2018-08-19 08:30:00,765.7
"956",2018-08-19 08:35:00,765.7
"957",2018-08-19 08:40:00,765.7
"958",2018-08-19 08:45:00,765.7
"959",2018-08-19 08:50:00,765.733333333333
"960",2018-08-19 08:55:00,765.766666666667
"961",2018-08-19 09:00:00,765.8
"962",2018-08-19 09:05:00,765.8
"963",2018-08-19 09:10:00,765.8
"964",2018-08-19 09:15:00,765.8
"965",2018-08-19 09:20:00,765.8
"966",2018-08-19 09:25:00,765.8
"967",2018-08-19 09:30:00,765.8
"968",2018-08-19 09:35:00,765.8
"969",2018-08-19 09:40:00,765.8
"970",2018-08-19 09:45:00,765.8
"971",2018-08-19 09:50:00,765.766666666667
"972",2018-08-19 09:55:00,765.733333333333
"973",2018-08-19 10:00:00,765.7
"974",2018-08-19 10:05:00,765.7
"975",2018-08-19 10:10:00,765.7
"976",2018-08-19 10:15:00,765.7
"977",2018-08-19 10:20:00,765.7
"978",2018-08-19 10:25:00,765.7
"979",2018-08-19 10:30:00,765.7
"980",2018-08-19 10:35:00,765.7
"981",2018-08-19 10:40:00,765.7
"982",2018-08-19 10:45:00,765.7
"983",2018-08-19 10:50:00,765.666666666667
"984",2018-08-19 10:55:00,765.633333333333
"985",2018-08-19 11:00:00,765.6
"986",2018-08-19 11:05:00,765.6
"987",2018-08-19 11:10:00,765.6
"988",2018-08-19 11:15:00,765.6
"989",2018-08-19 11:20:00,765.6
"990",2018-08-19 11:25:00,765.6
"991",2018-08-19 11:30:00,765.6
"992",2018-08-19 11:35:00,765.6
"993",2018-08-19 11:40:00,765.6
"994",2018-08-19 11:45:00,765.6
"995",2018-08-19 11:50:00,765.466666666667
"996",2018-08-19 11:55:00,765.333333333333
"997",2018-08-19 12:00:00,765.2
"998",2018-08-19 12:05:00,765.2
"999",2018-08-19 12:10:00,765.2
"1000",2018-08-19 12:15:00,765.2
"1001",2018-08-19 12:20:00,765.2
"1002",2018-08-19 12:25:00,765.2
"1003",2018-08-19 12:30:00,765.2
"1004",2018-08-19 12:35:00,765.2
"1005",2018-08-19 12:40:00,765.2
"1006",2018-08-19 12:45:00,765.2
"1007",2018-08-19 12:50:00,765.066666666667
"1008",2018-08-19 12:55:00,764.933333333333
"1009",2018-08-19 13:00:00,764.8
"1010",2018-08-19 13:05:00,764.8
"1011",2018-08-19 13:10:00,764.8
"1012",2018-08-19 13:15:00,764.8
"1013",2018-08-19 13:20:00,764.8
"1014",2018-08-19 13:25:00,764.8
"1015",2018-08-19 13:30:00,764.8
"1016",2018-08-19 13:35:00,764.8
"1017",2018-08-19 13:40:00,764.8
"1018",2018-08-19 13:45:00,764.8
"1019",2018-08-19 13:50:00,764.666666666667
"1020",2018-08-19 13:55:00,764.533333333333
"1021",2018-08-19 14:00:00,764.4
"1022",2018-08-19 14:05:00,764.4
"1023",2018-08-19 14:10:00,764.4
"1024",2018-08-19 14:15:00,764.4
"1025",2018-08-19 14:20:00,764.4
"1026",2018-08-19 14:25:00,764.4
"1027",2018-08-19 14:30:00,764.4
"1028",2018-08-19 14:35:00,764.4
"1029",2018-08-19 14:40:00,764.4
"1030",2018-08-19 14:45:00,764.4
"1031",2018-08-19 14:50:00,764.233333333333
"1032",2018-08-19 14:55:00,764.066666666667
"1033",2018-08-19 15:00:00,763.9
"1034",2018-08-19 15:05:00,763.9
"1035",2018-08-19 15:10:00,763.9
"1036",2018-08-19 15:15:00,763.9
"1037",2018-08-19 15:20:00,763.9
"1038",2018-08-19 15:25:00,763.9
"1039",2018-08-19 15:30:00,763.9
"1040",2018-08-19 15:35:00,763.9
"1041",2018-08-19 15:40:00,763.9
"1042",2018-08-19 15:45:00,763.9
"1043",2018-08-19 15:50:00,763.7
"1044",2018-08-19 15:55:00,763.5
"1045",2018-08-19 16:00:00,763.3
"1046",2018-08-19 16:05:00,763.3
"1047",2018-08-19 16:10:00,763.3
"1048",2018-08-19 16:15:00,763.3
"1049",2018-08-19 16:20:00,763.3
"1050",2018-08-19 16:25:00,763.3
"1051",2018-08-19 16:30:00,763.3
"1052",2018-08-19 16:35:00,763.3
"1053",2018-08-19 16:40:00,763.3
"1054",2018-08-19 16:45:00,763.3
"1055",2018-08-19 16:50:00,763.166666666667
"1056",2018-08-19 16:55:00,763.033333333333
"1057",2018-08-19 17:00:00,762.9
"1058",2018-08-19 17:05:00,762.9
"1059",2018-08-19 17:10:00,762.9
"1060",2018-08-19 17:15:00,762.9
"1061",2018-08-19 17:20:00,762.9
"1062",2018-08-19 17:25:00,762.9
"1063",2018-08-19 17:30:00,762.9
"1064",2018-08-19 17:35:00,762.9
"1065",2018-08-19 17:40:00,762.9
"1066",2018-08-19 17:45:00,762.9
"1067",2018-08-19 17:50:00,762.733333333333
"1068",2018-08-19 17:55:00,762.566666666667
"1069",2018-08-19 18:00:00,762.4
"1070",2018-08-19 18:05:00,762.4
"1071",2018-08-19 18:10:00,762.4
"1072",2018-08-19 18:15:00,762.4
"1073",2018-08-19 18:20:00,762.4
"1074",2018-08-19 18:25:00,762.4
"1075",2018-08-19 18:30:00,762.4
"1076",2018-08-19 18:35:00,762.4
"1077",2018-08-19 18:40:00,762.4
"1078",2018-08-19 18:45:00,762.4
"1079",2018-08-19 18:50:00,762.333333333333
"1080",2018-08-19 18:55:00,762.266666666667
"1081",2018-08-19 19:00:00,762.2
"1082",2018-08-19 19:05:00,762.2
"1083",2018-08-19 19:10:00,762.2
"1084",2018-08-19 19:15:00,762.2
"1085",2018-08-19 19:20:00,762.2
"1086",2018-08-19 19:25:00,762.2
"1087",2018-08-19 19:30:00,762.2
"1088",2018-08-19 19:35:00,762.2
"1089",2018-08-19 19:40:00,762.2
"1090",2018-08-19 19:45:00,762.2
"1091",2018-08-19 19:50:00,762.2
"1092",2018-08-19 19:55:00,762.2
"1093",2018-08-19 20:00:00,762.2
"1094",2018-08-19 20:05:00,762.2
"1095",2018-08-19 20:10:00,762.2
"1096",2018-08-19 20:15:00,762.2
"1097",2018-08-19 20:20:00,762.2
"1098",2018-08-19 20:25:00,762.2
"1099",2018-08-19 20:30:00,762.2
"1100",2018-08-19 20:35:00,762.2
"1101",2018-08-19 20:40:00,762.2
"1102",2018-08-19 20:45:00,762.2
"1103",2018-08-19 20:50:00,762.266666666667
"1104",2018-08-19 20:55:00,762.333333333333
"1105",2018-08-19 21:00:00,762.4
"1106",2018-08-19 21:05:00,762.4
"1107",2018-08-19 21:10:00,762.4
"1108",2018-08-19 21:15:00,762.4
"1109",2018-08-19 21:20:00,762.4
"1110",2018-08-19 21:25:00,762.4
"1111",2018-08-19 21:30:00,762.4
"1112",2018-08-19 21:35:00,762.4
"1113",2018-08-19 21:40:00,762.4
"1114",2018-08-19 21:45:00,762.4
"1115",2018-08-19 21:50:00,762.6
"1116",2018-08-19 21:55:00,762.8
"1117",2018-08-19 22:00:00,763
"1118",2018-08-19 22:05:00,763
"1119",2018-08-19 22:10:00,763
"1120",2018-08-19 22:15:00,763
"1121",2018-08-19 22:20:00,763
"1122",2018-08-19 22:25:00,763
"1123",2018-08-19 22:30:00,763
"1124",2018-08-19 22:35:00,763
"1125",2018-08-19 22:40:00,763
"1126",2018-08-19 22:45:00,763
"1127",2018-08-19 22:50:00,763.033333333333
"1128",2018-08-19 22:55:00,763.066666666667
"1129",2018-08-19 23:00:00,763.1
"1130",2018-08-19 23:05:00,763.1
"1131",2018-08-19 23:10:00,763.1
"1132",2018-08-19 23:15:00,763.1
"1133",2018-08-19 23:20:00,763.1
"1134",2018-08-19 23:25:00,763.1
"1135",2018-08-19 23:30:00,763.1
"1136",2018-08-19 23:35:00,763.1
"1137",2018-08-19 23:40:00,763.1
"1138",2018-08-19 23:45:00,763.1
"1139",2018-08-19 23:50:00,763.166666666667
"1140",2018-08-19 23:55:00,763.233333333333
"1141",2018-08-20 00:00:00,763.3
"1142",2018-08-20 00:05:00,763.3
"1143",2018-08-20 00:10:00,763.3
"1144",2018-08-20 00:15:00,763.3
"1145",2018-08-20 00:20:00,763.3
"1146",2018-08-20 00:25:00,763.3
"1147",2018-08-20 00:30:00,763.3
"1148",2018-08-20 00:35:00,763.3
"1149",2018-08-20 00:40:00,763.3
"1150",2018-08-20 00:45:00,763.3
"1151",2018-08-20 00:50:00,763.266666666667
"1152",2018-08-20 00:55:00,763.233333333333
"1153",2018-08-20 01:00:00,763.2
"1154",2018-08-20 01:05:00,763.2
"1155",2018-08-20 01:10:00,763.2
"1156",2018-08-20 01:15:00,763.2
"1157",2018-08-20 01:20:00,763.2
"1158",2018-08-20 01:25:00,763.2
"1159",2018-08-20 01:30:00,763.2
"1160",2018-08-20 01:35:00,763.2
"1161",2018-08-20 01:40:00,763.2
"1162",2018-08-20 01:45:00,763.2
"1163",2018-08-20 01:50:00,763.266666666667
"1164",2018-08-20 01:55:00,763.333333333333
"1165",2018-08-20 02:00:00,763.4
"1166",2018-08-20 02:05:00,763.4
"1167",2018-08-20 02:10:00,763.4
"1168",2018-08-20 02:15:00,763.4
"1169",2018-08-20 02:20:00,763.4
"1170",2018-08-20 02:25:00,763.4
"1171",2018-08-20 02:30:00,763.4
"1172",2018-08-20 02:35:00,763.4
"1173",2018-08-20 02:40:00,763.4
"1174",2018-08-20 02:45:00,763.4
"1175",2018-08-20 02:50:00,763.366666666667
"1176",2018-08-20 02:55:00,763.333333333333
"1177",2018-08-20 03:00:00,763.3
"1178",2018-08-20 03:05:00,763.3
"1179",2018-08-20 03:10:00,763.3
"1180",2018-08-20 03:15:00,763.3
"1181",2018-08-20 03:20:00,763.3
"1182",2018-08-20 03:25:00,763.3
"1183",2018-08-20 03:30:00,763.3
"1184",2018-08-20 03:35:00,763.3
"1185",2018-08-20 03:40:00,763.3
"1186",2018-08-20 03:45:00,763.3
"1187",2018-08-20 03:50:00,763.333333333333
"1188",2018-08-20 03:55:00,763.366666666667
"1189",2018-08-20 04:00:00,763.4
"1190",2018-08-20 04:05:00,763.4
"1191",2018-08-20 04:10:00,763.4
"1192",2018-08-20 04:15:00,763.4
"1193",2018-08-20 04:20:00,763.4
"1194",2018-08-20 04:25:00,763.4
"1195",2018-08-20 04:30:00,763.4
"1196",2018-08-20 04:35:00,763.4
"1197",2018-08-20 04:40:00,763.4
"1198",2018-08-20 04:45:00,763.4
"1199",2018-08-20 04:50:00,763.466666666667
"1200",2018-08-20 04:55:00,763.533333333333
"1201",2018-08-20 05:00:00,763.6
"1202",2018-08-20 05:05:00,763.6
"1203",2018-08-20 05:10:00,763.6
"1204",2018-08-20 05:15:00,763.6
"1205",2018-08-20 05:20:00,763.6
"1206",2018-08-20 05:25:00,763.6
"1207",2018-08-20 05:30:00,763.6
"1208",2018-08-20 05:35:00,763.6
"1209",2018-08-20 05:40:00,763.6
"1210",2018-08-20 05:45:00,763.6
"1211",2018-08-20 05:50:00,763.7
"1212",2018-08-20 05:55:00,763.8
"1213",2018-08-20 06:00:00,763.9
"1214",2018-08-20 06:05:00,763.9
"1215",2018-08-20 06:10:00,763.9
"1216",2018-08-20 06:15:00,763.9
"1217",2018-08-20 06:20:00,763.9
"1218",2018-08-20 06:25:00,763.9
"1219",2018-08-20 06:30:00,763.9
"1220",2018-08-20 06:35:00,763.9
"1221",2018-08-20 06:40:00,763.9
"1222",2018-08-20 06:45:00,763.9
"1223",2018-08-20 06:50:00,764.166666666667
"1224",2018-08-20 06:55:00,764.433333333333
"1225",2018-08-20 07:00:00,764.7
"1226",2018-08-20 07:05:00,764.7
"1227",2018-08-20 07:10:00,764.7
"1228",2018-08-20 07:15:00,764.7
"1229",2018-08-20 07:20:00,764.7
"1230",2018-08-20 07:25:00,764.7
"1231",2018-08-20 07:30:00,764.7
"1232",2018-08-20 07:35:00,764.7
"1233",2018-08-20 07:40:00,764.7
"1234",2018-08-20 07:45:00,764.7
"1235",2018-08-20 07:50:00,764.9
"1236",2018-08-20 07:55:00,765.1
"1237",2018-08-20 08:00:00,765.3
"1238",2018-08-20 08:05:00,765.3
"1239",2018-08-20 08:10:00,765.3
"1240",2018-08-20 08:15:00,765.3
"1241",2018-08-20 08:20:00,765.3
"1242",2018-08-20 08:25:00,765.3
"1243",2018-08-20 08:30:00,765.3
"1244",2018-08-20 08:35:00,765.3
"1245",2018-08-20 08:40:00,765.3
"1246",2018-08-20 08:45:00,765.3
"1247",2018-08-20 08:50:00,765.4
"1248",2018-08-20 08:55:00,765.5
"1249",2018-08-20 09:00:00,765.6
"1250",2018-08-20 09:05:00,765.6
"1251",2018-08-20 09:10:00,765.6
"1252",2018-08-20 09:15:00,765.6
"1253",2018-08-20 09:20:00,765.6
"1254",2018-08-20 09:25:00,765.6
"1255",2018-08-20 09:30:00,765.6
"1256",2018-08-20 09:35:00,765.6
"1257",2018-08-20 09:40:00,765.6
"1258",2018-08-20 09:45:00,765.6
"1259",2018-08-20 09:50:00,765.7
"1260",2018-08-20 09:55:00,765.8
"1261",2018-08-20 10:00:00,765.9
"1262",2018-08-20 10:05:00,765.9
"1263",2018-08-20 10:10:00,765.9
"1264",2018-08-20 10:15:00,765.9
"1265",2018-08-20 10:20:00,765.9
"1266",2018-08-20 10:25:00,765.9
"1267",2018-08-20 10:30:00,765.9
"1268",2018-08-20 10:35:00,765.9
"1269",2018-08-20 10:40:00,765.9
"1270",2018-08-20 10:45:00,765.9
"1271",2018-08-20 10:50:00,766.133333333333
"1272",2018-08-20 10:55:00,766.366666666667
"1273",2018-08-20 11:00:00,766.6
"1274",2018-08-20 11:05:00,766.6
"1275",2018-08-20 11:10:00,766.6
"1276",2018-08-20 11:15:00,766.6
"1277",2018-08-20 11:20:00,766.6
"1278",2018-08-20 11:25:00,766.6
"1279",2018-08-20 11:30:00,766.6
"1280",2018-08-20 11:35:00,766.6
"1281",2018-08-20 11:40:00,766.6
"1282",2018-08-20 11:45:00,766.6
"1283",2018-08-20 11:50:00,766.766666666667
"1284",2018-08-20 11:55:00,766.933333333333
"1285",2018-08-20 12:00:00,767.1
"1286",2018-08-20 12:05:00,767.1
"1287",2018-08-20 12:10:00,767.1
"1288",2018-08-20 12:15:00,767.1
"1289",2018-08-20 12:20:00,767.1
"1290",2018-08-20 12:25:00,767.1
"1291",2018-08-20 12:30:00,767.1
"1292",2018-08-20 12:35:00,767.1
"1293",2018-08-20 12:40:00,767.1
"1294",2018-08-20 12:45:00,767.1
"1295",2018-08-20 12:50:00,767.2
"1296",2018-08-20 12:55:00,767.3
"1297",2018-08-20 13:00:00,767.4
"1298",2018-08-20 13:05:00,767.4
"1299",2018-08-20 13:10:00,767.4
"1300",2018-08-20 13:15:00,767.4
"1301",2018-08-20 13:20:00,767.4
"1302",2018-08-20 13:25:00,767.4
"1303",2018-08-20 13:30:00,767.4
"1304",2018-08-20 13:35:00,767.4
"1305",2018-08-20 13:40:00,767.4
"1306",2018-08-20 13:45:00,767.4
"1307",2018-08-20 13:50:00,767.633333333333
"1308",2018-08-20 13:55:00,767.866666666667
"1309",2018-08-20 14:00:00,768.1
"1310",2018-08-20 14:05:00,768.1
"1311",2018-08-20 14:10:00,768.1
"1312",2018-08-20 14:15:00,768.1
"1313",2018-08-20 14:20:00,768.1
"1314",2018-08-20 14:25:00,768.1
"1315",2018-08-20 14:30:00,768.1
"1316",2018-08-20 14:35:00,768.1
"1317",2018-08-20 14:40:00,768.1
"1318",2018-08-20 14:45:00,768.1
"1319",2018-08-20 14:50:00,768.133333333333
"1320",2018-08-20 14:55:00,768.166666666667
"1321",2018-08-20 15:00:00,768.2
"1322",2018-08-20 15:05:00,768.2
"1323",2018-08-20 15:10:00,768.2
"1324",2018-08-20 15:15:00,768.2
"1325",2018-08-20 15:20:00,768.2
"1326",2018-08-20 15:25:00,768.2
"1327",2018-08-20 15:30:00,768.2
"1328",2018-08-20 15:35:00,768.2
"1329",2018-08-20 15:40:00,768.2
"1330",2018-08-20 15:45:00,768.2
"1331",2018-08-20 15:50:00,768.133333333333
"1332",2018-08-20 15:55:00,768.066666666667
"1333",2018-08-20 16:00:00,768
"1334",2018-08-20 16:05:00,768
"1335",2018-08-20 16:10:00,768
"1336",2018-08-20 16:15:00,768
"1337",2018-08-20 16:20:00,768
"1338",2018-08-20 16:25:00,768
"1339",2018-08-20 16:30:00,768
"1340",2018-08-20 16:35:00,768
"1341",2018-08-20 16:40:00,768
"1342",2018-08-20 16:45:00,768
"1343",2018-08-20 16:50:00,767.9
"1344",2018-08-20 16:55:00,767.8
"1345",2018-08-20 17:00:00,767.7
"1346",2018-08-20 17:05:00,767.7
"1347",2018-08-20 17:10:00,767.7
"1348",2018-08-20 17:15:00,767.7
"1349",2018-08-20 17:20:00,767.7
"1350",2018-08-20 17:25:00,767.7
"1351",2018-08-20 17:30:00,767.7
"1352",2018-08-20 17:35:00,767.7
"1353",2018-08-20 17:40:00,767.7
"1354",2018-08-20 17:45:00,767.7
"1355",2018-08-20 17:50:00,767.733333333333
"1356",2018-08-20 17:55:00,767.766666666667
"1357",2018-08-20 18:00:00,767.8
"1358",2018-08-20 18:05:00,767.8
"1359",2018-08-20 18:10:00,767.8
"1360",2018-08-20 18:15:00,767.8
"1361",2018-08-20 18:20:00,767.8
"1362",2018-08-20 18:25:00,767.8
"1363",2018-08-20 18:30:00,767.8
"1364",2018-08-20 18:35:00,767.8
"1365",2018-08-20 18:40:00,767.8
"1366",2018-08-20 18:45:00,767.8
"1367",2018-08-20 18:50:00,767.733333333333
"1368",2018-08-20 18:55:00,767.666666666667
"1369",2018-08-20 19:00:00,767.6
"1370",2018-08-20 19:05:00,767.6
"1371",2018-08-20 19:10:00,767.6
"1372",2018-08-20 19:15:00,767.6
"1373",2018-08-20 19:20:00,767.6
"1374",2018-08-20 19:25:00,767.6
"1375",2018-08-20 19:30:00,767.6
"1376",2018-08-20 19:35:00,767.6
"1377",2018-08-20 19:40:00,767.6
"1378",2018-08-20 19:45:00,767.6
"1379",2018-08-20 19:50:00,767.6
"1380",2018-08-20 19:55:00,767.6
"1381",2018-08-20 20:00:00,767.6
"1382",2018-08-20 20:05:00,767.6
"1383",2018-08-20 20:10:00,767.6
"1384",2018-08-20 20:15:00,767.6
"1385",2018-08-20 20:20:00,767.6
"1386",2018-08-20 20:25:00,767.6
"1387",2018-08-20 20:30:00,767.6
"1388",2018-08-20 20:35:00,767.6
"1389",2018-08-20 20:40:00,767.6
"1390",2018-08-20 20:45:00,767.6
"1391",2018-08-20 20:50:00,767.533333333333
"1392",2018-08-20 20:55:00,767.466666666667
"1393",2018-08-20 21:00:00,767.4
"1394",2018-08-20 21:05:00,767.4
"1395",2018-08-20 21:10:00,767.4
"1396",2018-08-20 21:15:00,767.4
"1397",2018-08-20 21:20:00,767.4
"1398",2018-08-20 21:25:00,767.4
"1399",2018-08-20 21:30:00,767.4
"1400",2018-08-20 21:35:00,767.4
"1401",2018-08-20 21:40:00,767.4
"1402",2018-08-20 21:45:00,767.4
"1403",2018-08-20 21:50:00,767.466666666667
"1404",2018-08-20 21:55:00,767.533333333333
"1405",2018-08-20 22:00:00,767.6
"1406",2018-08-20 22:05:00,767.6
"1407",2018-08-20 22:10:00,767.6
"1408",2018-08-20 22:15:00,767.6
"1409",2018-08-20 22:20:00,767.6
"1410",2018-08-20 22:25:00,767.6
"1411",2018-08-20 22:30:00,767.6
"1412",2018-08-20 22:35:00,767.6
"1413",2018-08-20 22:40:00,767.6
"1414",2018-08-20 22:45:00,767.6
"1415",2018-08-20 22:50:00,767.666666666667
"1416",2018-08-20 22:55:00,767.733333333333
"1417",2018-08-20 23:00:00,767.8
"1418",2018-08-20 23:05:00,767.8
"1419",2018-08-20 23:10:00,767.8
"1420",2018-08-20 23:15:00,767.8
"1421",2018-08-20 23:20:00,767.8
"1422",2018-08-20 23:25:00,767.8
"1423",2018-08-20 23:30:00,767.8
"1424",2018-08-20 23:35:00,767.8
"1425",2018-08-20 23:40:00,767.8
"1426",2018-08-20 23:45:00,767.8
"1427",2018-08-20 23:50:00,767.766666666667
"1428",2018-08-20 23:55:00,767.733333333333
"1429",2018-08-21 00:00:00,767.7
"1430",2018-08-21 00:05:00,767.7
"1431",2018-08-21 00:10:00,767.7
"1432",2018-08-21 00:15:00,767.7
"1433",2018-08-21 00:20:00,767.7
"1434",2018-08-21 00:25:00,767.7
"1435",2018-08-21 00:30:00,767.7
"1436",2018-08-21 00:35:00,767.7
"1437",2018-08-21 00:40:00,767.7
"1438",2018-08-21 00:45:00,767.7
"1439",2018-08-21 00:50:00,767.8
"1440",2018-08-21 00:55:00,767.9
"1441",2018-08-21 01:00:00,768
"1442",2018-08-21 01:05:00,768
"1443",2018-08-21 01:10:00,768
"1444",2018-08-21 01:15:00,768
"1445",2018-08-21 01:20:00,768
"1446",2018-08-21 01:25:00,768
"1447",2018-08-21 01:30:00,768
"1448",2018-08-21 01:35:00,768
"1449",2018-08-21 01:40:00,768
"1450",2018-08-21 01:45:00,768
"1451",2018-08-21 01:50:00,767.966666666667
"1452",2018-08-21 01:55:00,767.933333333333
"1453",2018-08-21 02:00:00,767.9
"1454",2018-08-21 02:05:00,767.9
"1455",2018-08-21 02:10:00,767.9
"1456",2018-08-21 02:15:00,767.9
"1457",2018-08-21 02:20:00,767.9
"1458",2018-08-21 02:25:00,767.9
"1459",2018-08-21 02:30:00,767.9
"1460",2018-08-21 02:35:00,767.9
"1461",2018-08-21 02:40:00,767.9
"1462",2018-08-21 02:45:00,767.9
"1463",2018-08-21 02:50:00,767.866666666667
"1464",2018-08-21 02:55:00,767.833333333333
"1465",2018-08-21 03:00:00,767.8
"1466",2018-08-21 03:05:00,767.8
"1467",2018-08-21 03:10:00,767.8
"1468",2018-08-21 03:15:00,767.8
"1469",2018-08-21 03:20:00,767.8
"1470",2018-08-21 03:25:00,767.8
"1471",2018-08-21 03:30:00,767.8
"1472",2018-08-21 03:35:00,767.8
"1473",2018-08-21 03:40:00,767.8
"1474",2018-08-21 03:45:00,767.8
"1475",2018-08-21 03:50:00,767.766666666667
"1476",2018-08-21 03:55:00,767.733333333333
"1477",2018-08-21 04:00:00,767.7
"1478",2018-08-21 04:05:00,767.7
"1479",2018-08-21 04:10:00,767.7
"1480",2018-08-21 04:15:00,767.7
"1481",2018-08-21 04:20:00,767.7
"1482",2018-08-21 04:25:00,767.7
"1483",2018-08-21 04:30:00,767.7
"1484",2018-08-21 04:35:00,767.7
"1485",2018-08-21 04:40:00,767.7
"1486",2018-08-21 04:45:00,767.7
"1487",2018-08-21 04:50:00,767.766666666667
"1488",2018-08-21 04:55:00,767.833333333333
"1489",2018-08-21 05:00:00,767.9
"1490",2018-08-21 05:05:00,767.9
"1491",2018-08-21 05:10:00,767.9
"1492",2018-08-21 05:15:00,767.9
"1493",2018-08-21 05:20:00,767.9
"1494",2018-08-21 05:25:00,767.9
"1495",2018-08-21 05:30:00,767.9
"1496",2018-08-21 05:35:00,767.9
"1497",2018-08-21 05:40:00,767.9
"1498",2018-08-21 05:45:00,767.9
"1499",2018-08-21 05:50:00,767.766666666667
"1500",2018-08-21 05:55:00,767.633333333333
"1501",2018-08-21 06:00:00,767.5
"1502",2018-08-21 06:05:00,767.5
"1503",2018-08-21 06:10:00,767.5
"1504",2018-08-21 06:15:00,767.5
"1505",2018-08-21 06:20:00,767.5
"1506",2018-08-21 06:25:00,767.5
"1507",2018-08-21 06:30:00,767.5
"1508",2018-08-21 06:35:00,767.5
"1509",2018-08-21 06:40:00,767.5
"1510",2018-08-21 06:45:00,767.5
"1511",2018-08-21 06:50:00,767.433333333333
"1512",2018-08-21 06:55:00,767.366666666667
"1513",2018-08-21 07:00:00,767.3
"1514",2018-08-21 07:05:00,767.3
"1515",2018-08-21 07:10:00,767.3
"1516",2018-08-21 07:15:00,767.3
"1517",2018-08-21 07:20:00,767.3
"1518",2018-08-21 07:25:00,767.3
"1519",2018-08-21 07:30:00,767.3
"1520",2018-08-21 07:35:00,767.3
"1521",2018-08-21 07:40:00,767.3
"1522",2018-08-21 07:45:00,767.3
"1523",2018-08-21 07:50:00,767.4
"1524",2018-08-21 07:55:00,767.5
"1525",2018-08-21 08:00:00,767.6
"1526",2018-08-21 08:05:00,767.6
"1527",2018-08-21 08:10:00,767.6
"1528",2018-08-21 08:15:00,767.6
"1529",2018-08-21 08:20:00,767.6
"1530",2018-08-21 08:25:00,767.6
"1531",2018-08-21 08:30:00,767.6
"1532",2018-08-21 08:35:00,767.6
"1533",2018-08-21 08:40:00,767.6
"1534",2018-08-21 08:45:00,767.6
"1535",2018-08-21 08:50:00,767.666666666667
"1536",2018-08-21 08:55:00,767.733333333333
"1537",2018-08-21 09:00:00,767.8
"1538",2018-08-21 09:05:00,767.8
"1539",2018-08-21 09:10:00,767.8
"1540",2018-08-21 09:15:00,767.8
"1541",2018-08-21 09:20:00,767.8
"1542",2018-08-21 09:25:00,767.8
"1543",2018-08-21 09:30:00,767.8
"1544",2018-08-21 09:35:00,767.8
"1545",2018-08-21 09:40:00,767.8
"1546",2018-08-21 09:45:00,767.8
"1547",2018-08-21 09:50:00,767.8
"1548",2018-08-21 09:55:00,767.8
"1549",2018-08-21 10:00:00,767.8
"1550",2018-08-21 10:05:00,767.8
"1551",2018-08-21 10:10:00,767.8
"1552",2018-08-21 10:15:00,767.8
"1553",2018-08-21 10:20:00,767.8
"1554",2018-08-21 10:25:00,767.8
"1555",2018-08-21 10:30:00,767.8
"1556",2018-08-21 10:35:00,767.8
"1557",2018-08-21 10:40:00,767.8
"1558",2018-08-21 10:45:00,767.8
"1559",2018-08-21 10:50:00,767.766666666667
"1560",2018-08-21 10:55:00,767.733333333333
"1561",2018-08-21 11:00:00,767.7
"1562",2018-08-21 11:05:00,767.7
"1563",2018-08-21 11:10:00,767.7
"1564",2018-08-21 11:15:00,767.7
"1565",2018-08-21 11:20:00,767.7
"1566",2018-08-21 11:25:00,767.7
"1567",2018-08-21 11:30:00,767.7
"1568",2018-08-21 11:35:00,767.7
"1569",2018-08-21 11:40:00,767.7
"1570",2018-08-21 11:45:00,767.7
"1571",2018-08-21 11:50:00,767.666666666667
"1572",2018-08-21 11:55:00,767.633333333333
"1573",2018-08-21 12:00:00,767.6
"1574",2018-08-21 12:05:00,767.6
"1575",2018-08-21 12:10:00,767.6
"1576",2018-08-21 12:15:00,767.6
"1577",2018-08-21 12:20:00,767.6
"1578",2018-08-21 12:25:00,767.6
"1579",2018-08-21 12:30:00,767.6
"1580",2018-08-21 12:35:00,767.6
"1581",2018-08-21 12:40:00,767.6
"1582",2018-08-21 12:45:00,767.6
"1583",2018-08-21 12:50:00,767.5
"1584",2018-08-21 12:55:00,767.4
"1585",2018-08-21 13:00:00,767.3
"1586",2018-08-21 13:05:00,767.3
"1587",2018-08-21 13:10:00,767.3
"1588",2018-08-21 13:15:00,767.3
"1589",2018-08-21 13:20:00,767.3
"1590",2018-08-21 13:25:00,767.3
"1591",2018-08-21 13:30:00,767.3
"1592",2018-08-21 13:35:00,767.3
"1593",2018-08-21 13:40:00,767.3
"1594",2018-08-21 13:45:00,767.3
"1595",2018-08-21 13:50:00,767.2
"1596",2018-08-21 13:55:00,767.1
"1597",2018-08-21 14:00:00,767
"1598",2018-08-21 14:05:00,767
"1599",2018-08-21 14:10:00,767
"1600",2018-08-21 14:15:00,767
"1601",2018-08-21 14:20:00,767
"1602",2018-08-21 14:25:00,767
"1603",2018-08-21 14:30:00,767
"1604",2018-08-21 14:35:00,767
"1605",2018-08-21 14:40:00,767
"1606",2018-08-21 14:45:00,767
"1607",2018-08-21 14:50:00,766.9
"1608",2018-08-21 14:55:00,766.8
"1609",2018-08-21 15:00:00,766.7
"1610",2018-08-21 15:05:00,766.7
"1611",2018-08-21 15:10:00,766.7
"1612",2018-08-21 15:15:00,766.7
"1613",2018-08-21 15:20:00,766.7
"1614",2018-08-21 15:25:00,766.7
"1615",2018-08-21 15:30:00,766.7
"1616",2018-08-21 15:35:00,766.7
"1617",2018-08-21 15:40:00,766.7
"1618",2018-08-21 15:45:00,766.7
"1619",2018-08-21 15:50:00,766.5
"1620",2018-08-21 15:55:00,766.3
"1621",2018-08-21 16:00:00,766.1
"1622",2018-08-21 16:05:00,766.1
"1623",2018-08-21 16:10:00,766.1
"1624",2018-08-21 16:15:00,766.1
"1625",2018-08-21 16:20:00,766.1
"1626",2018-08-21 16:25:00,766.1
"1627",2018-08-21 16:30:00,766.1
"1628",2018-08-21 16:35:00,766.1
"1629",2018-08-21 16:40:00,766.1
"1630",2018-08-21 16:45:00,766.1
"1631",2018-08-21 16:50:00,765.933333333333
"1632",2018-08-21 16:55:00,765.766666666667
"1633",2018-08-21 17:00:00,765.6
"1634",2018-08-21 17:05:00,765.6
"1635",2018-08-21 17:10:00,765.6
"1636",2018-08-21 17:15:00,765.6
"1637",2018-08-21 17:20:00,765.6
"1638",2018-08-21 17:25:00,765.6
"1639",2018-08-21 17:30:00,765.6
"1640",2018-08-21 17:35:00,765.6
"1641",2018-08-21 17:40:00,765.6
"1642",2018-08-21 17:45:00,765.6
"1643",2018-08-21 17:50:00,765.533333333333
"1644",2018-08-21 17:55:00,765.466666666667
"1645",2018-08-21 18:00:00,765.4
"1646",2018-08-21 18:05:00,765.4
"1647",2018-08-21 18:10:00,765.4
"1648",2018-08-21 18:15:00,765.4
"1649",2018-08-21 18:20:00,765.4
"1650",2018-08-21 18:25:00,765.4
"1651",2018-08-21 18:30:00,765.4
"1652",2018-08-21 18:35:00,765.4
"1653",2018-08-21 18:40:00,765.4
"1654",2018-08-21 18:45:00,765.4
"1655",2018-08-21 18:50:00,765.366666666667
"1656",2018-08-21 18:55:00,765.333333333333
"1657",2018-08-21 19:00:00,765.3
"1658",2018-08-21 19:05:00,765.3
"1659",2018-08-21 19:10:00,765.3
"1660",2018-08-21 19:15:00,765.3
"1661",2018-08-21 19:20:00,765.3
"1662",2018-08-21 19:25:00,765.3
"1663",2018-08-21 19:30:00,765.3
"1664",2018-08-21 19:35:00,765.3
"1665",2018-08-21 19:40:00,765.3
"1666",2018-08-21 19:45:00,765.3
"1667",2018-08-21 19:50:00,765.266666666667
"1668",2018-08-21 19:55:00,765.233333333333
"1669",2018-08-21 20:00:00,765.2
"1670",2018-08-21 20:05:00,765.2
"1671",2018-08-21 20:10:00,765.2
"1672",2018-08-21 20:15:00,765.2
"1673",2018-08-21 20:20:00,765.2
"1674",2018-08-21 20:25:00,765.2
"1675",2018-08-21 20:30:00,765.2
"1676",2018-08-21 20:35:00,765.2
"1677",2018-08-21 20:40:00,765.2
"1678",2018-08-21 20:45:00,765.2
"1679",2018-08-21 20:50:00,765.233333333333
"1680",2018-08-21 20:55:00,765.266666666667
"1681",2018-08-21 21:00:00,765.3
"1682",2018-08-21 21:05:00,765.3
"1683",2018-08-21 21:10:00,765.3
"1684",2018-08-21 21:15:00,765.3
"1685",2018-08-21 21:20:00,765.3
"1686",2018-08-21 21:25:00,765.3
"1687",2018-08-21 21:30:00,765.3
"1688",2018-08-21 21:35:00,765.3
"1689",2018-08-21 21:40:00,765.3
"1690",2018-08-21 21:45:00,765.3
"1691",2018-08-21 21:50:00,765.3
"1692",2018-08-21 21:55:00,765.3
"1693",2018-08-21 22:00:00,765.3
"1694",2018-08-21 22:05:00,765.3
"1695",2018-08-21 22:10:00,765.3
"1696",2018-08-21 22:15:00,765.3
"1697",2018-08-21 22:20:00,765.3
"1698",2018-08-21 22:25:00,765.3
"1699",2018-08-21 22:30:00,765.3
"1700",2018-08-21 22:35:00,765.3
"1701",2018-08-21 22:40:00,765.3
"1702",2018-08-21 22:45:00,765.3
"1703",2018-08-21 22:50:00,765.333333333333
"1704",2018-08-21 22:55:00,765.366666666667
"1705",2018-08-21 23:00:00,765.4
"1706",2018-08-21 23:05:00,765.4
"1707",2018-08-21 23:10:00,765.4
"1708",2018-08-21 23:15:00,765.4
"1709",2018-08-21 23:20:00,765.4
"1710",2018-08-21 23:25:00,765.4
"1711",2018-08-21 23:30:00,765.4
"1712",2018-08-21 23:35:00,765.4
"1713",2018-08-21 23:40:00,765.4
"1714",2018-08-21 23:45:00,765.4
"1715",2018-08-21 23:50:00,765.333333333333
"1716",2018-08-21 23:55:00,765.266666666667
"1717",2018-08-22 00:00:00,765.2
"1718",2018-08-22 00:05:00,765.2
"1719",2018-08-22 00:10:00,765.2
"1720",2018-08-22 00:15:00,765.2
"1721",2018-08-22 00:20:00,765.2
"1722",2018-08-22 00:25:00,765.2
"1723",2018-08-22 00:30:00,765.2
"1724",2018-08-22 00:35:00,765.2
"1725",2018-08-22 00:40:00,765.2
"1726",2018-08-22 00:45:00,765.2
"1727",2018-08-22 00:50:00,765.133333333333
"1728",2018-08-22 00:55:00,765.066666666667
"1729",2018-08-22 01:00:00,765
"1730",2018-08-22 01:05:00,765
"1731",2018-08-22 01:10:00,765
"1732",2018-08-22 01:15:00,765
"1733",2018-08-22 01:20:00,765
"1734",2018-08-22 01:25:00,765
"1735",2018-08-22 01:30:00,765
"1736",2018-08-22 01:35:00,765
"1737",2018-08-22 01:40:00,765
"1738",2018-08-22 01:45:00,765
"1739",2018-08-22 01:50:00,765
"1740",2018-08-22 01:55:00,765
"1741",2018-08-22 02:00:00,765
"1742",2018-08-22 02:05:00,765
"1743",2018-08-22 02:10:00,765
"1744",2018-08-22 02:15:00,765
"1745",2018-08-22 02:20:00,765
"1746",2018-08-22 02:25:00,765
"1747",2018-08-22 02:30:00,765
"1748",2018-08-22 02:35:00,765
"1749",2018-08-22 02:40:00,765
"1750",2018-08-22 02:45:00,765
"1751",2018-08-22 02:50:00,764.966666666667
"1752",2018-08-22 02:55:00,764.933333333333
"1753",2018-08-22 03:00:00,764.9
"1754",2018-08-22 03:05:00,764.9
"1755",2018-08-22 03:10:00,764.9
"1756",2018-08-22 03:15:00,764.9
"1757",2018-08-22 03:20:00,764.9
"1758",2018-08-22 03:25:00,764.9
"1759",2018-08-22 03:30:00,764.9
"1760",2018-08-22 03:35:00,764.9
"1761",2018-08-22 03:40:00,764.9
"1762",2018-08-22 03:45:00,764.9
"1763",2018-08-22 03:50:00,764.833333333333
"1764",2018-08-22 03:55:00,764.766666666667
"1765",2018-08-22 04:00:00,764.7
"1766",2018-08-22 04:05:00,764.7
"1767",2018-08-22 04:10:00,764.7
"1768",2018-08-22 04:15:00,764.7
"1769",2018-08-22 04:20:00,764.7
"1770",2018-08-22 04:25:00,764.7
"1771",2018-08-22 04:30:00,764.7
"1772",2018-08-22 04:35:00,764.7
"1773",2018-08-22 04:40:00,764.7
"1774",2018-08-22 04:45:00,764.7
"1775",2018-08-22 04:50:00,764.633333333333
"1776",2018-08-22 04:55:00,764.566666666667
"1777",2018-08-22 05:00:00,764.5
"1778",2018-08-22 05:05:00,764.5
"1779",2018-08-22 05:10:00,764.5
"1780",2018-08-22 05:15:00,764.5
"1781",2018-08-22 05:20:00,764.5
"1782",2018-08-22 05:25:00,764.5
"1783",2018-08-22 05:30:00,764.5
"1784",2018-08-22 05:35:00,764.5
"1785",2018-08-22 05:40:00,764.5
"1786",2018-08-22 05:45:00,764.5
"1787",2018-08-22 05:50:00,764.4
"1788",2018-08-22 05:55:00,764.3
"1789",2018-08-22 06:00:00,764.2
"1790",2018-08-22 06:05:00,764.2
"1791",2018-08-22 06:10:00,764.2
"1792",2018-08-22 06:15:00,764.2
"1793",2018-08-22 06:20:00,764.2
"1794",2018-08-22 06:25:00,764.2
"1795",2018-08-22 06:30:00,764.2
"1796",2018-08-22 06:35:00,764.2
"1797",2018-08-22 06:40:00,764.2
"1798",2018-08-22 06:45:00,764.2
"1799",2018-08-22 06:50:00,764.2
"1800",2018-08-22 06:55:00,764.2
"1801",2018-08-22 07:00:00,764.2
"1802",2018-08-22 07:05:00,764.2
"1803",2018-08-22 07:10:00,764.2
"1804",2018-08-22 07:15:00,764.2
"1805",2018-08-22 07:20:00,764.2
"1806",2018-08-22 07:25:00,764.2
"1807",2018-08-22 07:30:00,764.2
"1808",2018-08-22 07:35:00,764.2
"1809",2018-08-22 07:40:00,764.2
"1810",2018-08-22 07:45:00,764.2
"1811",2018-08-22 07:50:00,764.2
"1812",2018-08-22 07:55:00,764.2
"1813",2018-08-22 08:00:00,764.2
"1814",2018-08-22 08:05:00,764.2
"1815",2018-08-22 08:10:00,764.2
"1816",2018-08-22 08:15:00,764.2
"1817",2018-08-22 08:20:00,764.2
"1818",2018-08-22 08:25:00,764.2
"1819",2018-08-22 08:30:00,764.2
"1820",2018-08-22 08:35:00,764.2
"1821",2018-08-22 08:40:00,764.2
"1822",2018-08-22 08:45:00,764.2
"1823",2018-08-22 08:50:00,764.166666666667
"1824",2018-08-22 08:55:00,764.133333333333
"1825",2018-08-22 09:00:00,764.1
"1826",2018-08-22 09:05:00,764.1
"1827",2018-08-22 09:10:00,764.1
"1828",2018-08-22 09:15:00,764.1
"1829",2018-08-22 09:20:00,764.1
"1830",2018-08-22 09:25:00,764.1
"1831",2018-08-22 09:30:00,764.1
"1832",2018-08-22 09:35:00,764.1
"1833",2018-08-22 09:40:00,764.1
"1834",2018-08-22 09:45:00,764.1
"1835",2018-08-22 09:50:00,764.066666666667
"1836",2018-08-22 09:55:00,764.033333333333
"1837",2018-08-22 10:00:00,764
"1838",2018-08-22 10:05:00,764
"1839",2018-08-22 10:10:00,764
"1840",2018-08-22 10:15:00,764
"1841",2018-08-22 10:20:00,764
"1842",2018-08-22 10:25:00,764
"1843",2018-08-22 10:30:00,764
"1844",2018-08-22 10:35:00,764
"1845",2018-08-22 10:40:00,764
"1846",2018-08-22 10:45:00,764
"1847",2018-08-22 10:50:00,763.866666666667
"1848",2018-08-22 10:55:00,763.733333333333
"1849",2018-08-22 11:00:00,763.6
"1850",2018-08-22 11:05:00,763.6
"1851",2018-08-22 11:10:00,763.6
"1852",2018-08-22 11:15:00,763.6
"1853",2018-08-22 11:20:00,763.6
"1854",2018-08-22 11:25:00,763.6
"1855",2018-08-22 11:30:00,763.6
"1856",2018-08-22 11:35:00,763.6
"1857",2018-08-22 11:40:00,763.6
"1858",2018-08-22 11:45:00,763.6
"1859",2018-08-22 11:50:00,763.5
"1860",2018-08-22 11:55:00,763.4
"1861",2018-08-22 12:00:00,763.3
"1862",2018-08-22 12:05:00,763.3
"1863",2018-08-22 12:10:00,763.3
"1864",2018-08-22 12:15:00,763.3
"1865",2018-08-22 12:20:00,763.3
"1866",2018-08-22 12:25:00,763.3
"1867",2018-08-22 12:30:00,763.3
"1868",2018-08-22 12:35:00,763.3
"1869",2018-08-22 12:40:00,763.3
"1870",2018-08-22 12:45:00,763.3
"1871",2018-08-22 12:50:00,763.066666666667
"1872",2018-08-22 12:55:00,762.833333333333
"1873",2018-08-22 13:00:00,762.6
"1874",2018-08-22 13:05:00,762.6
"1875",2018-08-22 13:10:00,762.6
"1876",2018-08-22 13:15:00,762.6
"1877",2018-08-22 13:20:00,762.6
"1878",2018-08-22 13:25:00,762.6
"1879",2018-08-22 13:30:00,762.6
"1880",2018-08-22 13:35:00,762.6
"1881",2018-08-22 13:40:00,762.6
"1882",2018-08-22 13:45:00,762.6
"1883",2018-08-22 13:50:00,762.433333333333
"1884",2018-08-22 13:55:00,762.266666666667
"1885",2018-08-22 14:00:00,762.1
"1886",2018-08-22 14:05:00,762.1
"1887",2018-08-22 14:10:00,762.1
"1888",2018-08-22 14:15:00,762.1
"1889",2018-08-22 14:20:00,762.1
"1890",2018-08-22 14:25:00,762.1
"1891",2018-08-22 14:30:00,762.1
"1892",2018-08-22 14:35:00,762.1
"1893",2018-08-22 14:40:00,762.1
"1894",2018-08-22 14:45:00,762.1
"1895",2018-08-22 14:50:00,761.9
"1896",2018-08-22 14:55:00,761.7
"1897",2018-08-22 15:00:00,761.5
"1898",2018-08-22 15:05:00,761.5
"1899",2018-08-22 15:10:00,761.5
"1900",2018-08-22 15:15:00,761.5
"1901",2018-08-22 15:20:00,761.5
"1902",2018-08-22 15:25:00,761.5
"1903",2018-08-22 15:30:00,761.5
"1904",2018-08-22 15:35:00,761.5
"1905",2018-08-22 15:40:00,761.5
"1906",2018-08-22 15:45:00,761.5
"1907",2018-08-22 15:50:00,761.266666666667
"1908",2018-08-22 15:55:00,761.033333333333
"1909",2018-08-22 16:00:00,760.8
"1910",2018-08-22 16:05:00,760.8
"1911",2018-08-22 16:10:00,760.8
"1912",2018-08-22 16:15:00,760.8
"1913",2018-08-22 16:20:00,760.8
"1914",2018-08-22 16:25:00,760.8
"1915",2018-08-22 16:30:00,760.8
"1916",2018-08-22 16:35:00,760.8
"1917",2018-08-22 16:40:00,760.8
"1918",2018-08-22 16:45:00,760.8
"1919",2018-08-22 16:50:00,760.566666666667
"1920",2018-08-22 16:55:00,760.333333333333
"1921",2018-08-22 17:00:00,760.1
"1922",2018-08-22 17:05:00,760.1
"1923",2018-08-22 17:10:00,760.1
"1924",2018-08-22 17:15:00,760.1
"1925",2018-08-22 17:20:00,760.1
"1926",2018-08-22 17:25:00,760.1
"1927",2018-08-22 17:30:00,760.1
"1928",2018-08-22 17:35:00,760.1
"1929",2018-08-22 17:40:00,760.1
"1930",2018-08-22 17:45:00,760.1
"1931",2018-08-22 17:50:00,759.9
"1932",2018-08-22 17:55:00,759.7
"1933",2018-08-22 18:00:00,759.5
"1934",2018-08-22 18:05:00,759.5
"1935",2018-08-22 18:10:00,759.5
"1936",2018-08-22 18:15:00,759.5
"1937",2018-08-22 18:20:00,759.5
"1938",2018-08-22 18:25:00,759.5
"1939",2018-08-22 18:30:00,759.5
"1940",2018-08-22 18:35:00,759.5
"1941",2018-08-22 18:40:00,759.5
"1942",2018-08-22 18:45:00,759.5
"1943",2018-08-22 18:50:00,759.333333333333
"1944",2018-08-22 18:55:00,759.166666666667
"1945",2018-08-22 19:00:00,759
"1946",2018-08-22 19:05:00,759
"1947",2018-08-22 19:10:00,759
"1948",2018-08-22 19:15:00,759
"1949",2018-08-22 19:20:00,759
"1950",2018-08-22 19:25:00,759
"1951",2018-08-22 19:30:00,759
"1952",2018-08-22 19:35:00,759
"1953",2018-08-22 19:40:00,759
"1954",2018-08-22 19:45:00,759
"1955",2018-08-22 19:50:00,758.866666666667
"1956",2018-08-22 19:55:00,758.733333333333
"1957",2018-08-22 20:00:00,758.6
"1958",2018-08-22 20:05:00,758.6
"1959",2018-08-22 20:10:00,758.6
"1960",2018-08-22 20:15:00,758.6
"1961",2018-08-22 20:20:00,758.6
"1962",2018-08-22 20:25:00,758.6
"1963",2018-08-22 20:30:00,758.6
"1964",2018-08-22 20:35:00,758.6
"1965",2018-08-22 20:40:00,758.6
"1966",2018-08-22 20:45:00,758.6
"1967",2018-08-22 20:50:00,758.633333333333
"1968",2018-08-22 20:55:00,758.666666666667
"1969",2018-08-22 21:00:00,758.7
"1970",2018-08-22 21:05:00,758.7
"1971",2018-08-22 21:10:00,758.7
"1972",2018-08-22 21:15:00,758.7
"1973",2018-08-22 21:20:00,758.7
"1974",2018-08-22 21:25:00,758.7
"1975",2018-08-22 21:30:00,758.7
"1976",2018-08-22 21:35:00,758.7
"1977",2018-08-22 21:40:00,758.7
"1978",2018-08-22 21:45:00,758.7
"1979",2018-08-22 21:50:00,758.766666666667
"1980",2018-08-22 21:55:00,758.833333333333
"1981",2018-08-22 22:00:00,758.9
"1982",2018-08-22 22:05:00,758.9
"1983",2018-08-22 22:10:00,758.9
"1984",2018-08-22 22:15:00,758.9
"1985",2018-08-22 22:20:00,758.9
"1986",2018-08-22 22:25:00,758.9
"1987",2018-08-22 22:30:00,758.9
"1988",2018-08-22 22:35:00,758.9
"1989",2018-08-22 22:40:00,758.9
"1990",2018-08-22 22:45:00,758.9
"1991",2018-08-22 22:50:00,758.9
"1992",2018-08-22 22:55:00,758.9
"1993",2018-08-22 23:00:00,758.9
"1994",2018-08-22 23:05:00,758.9
"1995",2018-08-22 23:10:00,758.9
"1996",2018-08-22 23:15:00,758.9
"1997",2018-08-22 23:20:00,758.9
"1998",2018-08-22 23:25:00,758.9
"1999",2018-08-22 23:30:00,758.9
"2000",2018-08-22 23:35:00,758.9
"2001",2018-08-22 23:40:00,758.9
"2002",2018-08-22 23:45:00,758.9
"2003",2018-08-22 23:50:00,758.9
"2004",2018-08-22 23:55:00,758.9
"2005",2018-08-23 00:00:00,758.9
"2006",2018-08-23 00:05:00,758.9
"2007",2018-08-23 00:10:00,758.9
"2008",2018-08-23 00:15:00,758.9
"2009",2018-08-23 00:20:00,758.9
"2010",2018-08-23 00:25:00,758.9
"2011",2018-08-23 00:30:00,758.9
"2012",2018-08-23 00:35:00,758.9
"2013",2018-08-23 00:40:00,758.9
"2014",2018-08-23 00:45:00,758.9
"2015",2018-08-23 00:50:00,758.933333333333
"2016",2018-08-23 00:55:00,758.966666666667
"2017",2018-08-23 01:00:00,759
"2018",2018-08-23 01:05:00,759
"2019",2018-08-23 01:10:00,759
"2020",2018-08-23 01:15:00,759
"2021",2018-08-23 01:20:00,759
"2022",2018-08-23 01:25:00,759
"2023",2018-08-23 01:30:00,759
"2024",2018-08-23 01:35:00,759
"2025",2018-08-23 01:40:00,759
"2026",2018-08-23 01:45:00,759
"2027",2018-08-23 01:50:00,759
"2028",2018-08-23 01:55:00,759
"2029",2018-08-23 02:00:00,759
"2030",2018-08-23 02:05:00,759
"2031",2018-08-23 02:10:00,759
"2032",2018-08-23 02:15:00,759
"2033",2018-08-23 02:20:00,759
"2034",2018-08-23 02:25:00,759
"2035",2018-08-23 02:30:00,759
"2036",2018-08-23 02:35:00,759
"2037",2018-08-23 02:40:00,759
"2038",2018-08-23 02:45:00,759
"2039",2018-08-23 02:50:00,759
"2040",2018-08-23 02:55:00,759
"2041",2018-08-23 03:00:00,759
"2042",2018-08-23 03:05:00,759
"2043",2018-08-23 03:10:00,759
"2044",2018-08-23 03:15:00,759
"2045",2018-08-23 03:20:00,759
"2046",2018-08-23 03:25:00,759
"2047",2018-08-23 03:30:00,759
"2048",2018-08-23 03:35:00,759
"2049",2018-08-23 03:40:00,759
"2050",2018-08-23 03:45:00,759
"2051",2018-08-23 03:50:00,759.033333333333
"2052",2018-08-23 03:55:00,759.066666666667
"2053",2018-08-23 04:00:00,759.1
"2054",2018-08-23 04:05:00,759.1
"2055",2018-08-23 04:10:00,759.1
"2056",2018-08-23 04:15:00,759.1
"2057",2018-08-23 04:20:00,759.1
"2058",2018-08-23 04:25:00,759.1
"2059",2018-08-23 04:30:00,759.1
"2060",2018-08-23 04:35:00,759.1
"2061",2018-08-23 04:40:00,759.1
"2062",2018-08-23 04:45:00,759.1
"2063",2018-08-23 04:50:00,759.166666666667
"2064",2018-08-23 04:55:00,759.233333333333
"2065",2018-08-23 05:00:00,759.3
"2066",2018-08-23 05:05:00,759.3
"2067",2018-08-23 05:10:00,759.3
"2068",2018-08-23 05:15:00,759.3
"2069",2018-08-23 05:20:00,759.3
"2070",2018-08-23 05:25:00,759.3
"2071",2018-08-23 05:30:00,759.3
"2072",2018-08-23 05:35:00,759.3
"2073",2018-08-23 05:40:00,759.3
"2074",2018-08-23 05:45:00,759.3
"2075",2018-08-23 05:50:00,759.333333333333
"2076",2018-08-23 05:55:00,759.366666666667
"2077",2018-08-23 06:00:00,759.4
"2078",2018-08-23 06:05:00,759.4
"2079",2018-08-23 06:10:00,759.4
"2080",2018-08-23 06:15:00,759.4
"2081",2018-08-23 06:20:00,759.4
"2082",2018-08-23 06:25:00,759.4
"2083",2018-08-23 06:30:00,759.4
"2084",2018-08-23 06:35:00,759.4
"2085",2018-08-23 06:40:00,759.4
"2086",2018-08-23 06:45:00,759.4
"2087",2018-08-23 06:50:00,759.533333333333
"2088",2018-08-23 06:55:00,759.666666666667
"2089",2018-08-23 07:00:00,759.8
"2090",2018-08-23 07:05:00,759.8
"2091",2018-08-23 07:10:00,759.8
"2092",2018-08-23 07:15:00,759.8
"2093",2018-08-23 07:20:00,759.8
"2094",2018-08-23 07:25:00,759.8
"2095",2018-08-23 07:30:00,759.8
"2096",2018-08-23 07:35:00,759.8
"2097",2018-08-23 07:40:00,759.8
"2098",2018-08-23 07:45:00,759.8
"2099",2018-08-23 07:50:00,759.866666666667
"2100",2018-08-23 07:55:00,759.933333333333
"2101",2018-08-23 08:00:00,760
"2102",2018-08-23 08:05:00,760
"2103",2018-08-23 08:10:00,760
"2104",2018-08-23 08:15:00,760
"2105",2018-08-23 08:20:00,760
"2106",2018-08-23 08:25:00,760
"2107",2018-08-23 08:30:00,760
"2108",2018-08-23 08:35:00,760
"2109",2018-08-23 08:40:00,760
"2110",2018-08-23 08:45:00,760
"2111",2018-08-23 08:50:00,760.1
"2112",2018-08-23 08:55:00,760.2
"2113",2018-08-23 09:00:00,760.3
"2114",2018-08-23 09:05:00,760.3
"2115",2018-08-23 09:10:00,760.3
"2116",2018-08-23 09:15:00,760.3
"2117",2018-08-23 09:20:00,760.3
"2118",2018-08-23 09:25:00,760.3
"2119",2018-08-23 09:30:00,760.3
"2120",2018-08-23 09:35:00,760.3
"2121",2018-08-23 09:40:00,760.3
"2122",2018-08-23 09:45:00,760.3
"2123",2018-08-23 09:50:00,760.366666666667
"2124",2018-08-23 09:55:00,760.433333333333
"2125",2018-08-23 10:00:00,760.5
"2126",2018-08-23 10:05:00,760.5
"2127",2018-08-23 10:10:00,760.5
"2128",2018-08-23 10:15:00,760.5
"2129",2018-08-23 10:20:00,760.5
"2130",2018-08-23 10:25:00,760.5
"2131",2018-08-23 10:30:00,760.5
"2132",2018-08-23 10:35:00,760.5
"2133",2018-08-23 10:40:00,760.5
"2134",2018-08-23 10:45:00,760.5
"2135",2018-08-23 10:50:00,760.466666666667
"2136",2018-08-23 10:55:00,760.433333333333
"2137",2018-08-23 11:00:00,760.4
"2138",2018-08-23 11:05:00,760.4
"2139",2018-08-23 11:10:00,760.4
"2140",2018-08-23 11:15:00,760.4
"2141",2018-08-23 11:20:00,760.4
"2142",2018-08-23 11:25:00,760.4
"2143",2018-08-23 11:30:00,760.4
"2144",2018-08-23 11:35:00,760.4
"2145",2018-08-23 11:40:00,760.4
"2146",2018-08-23 11:45:00,760.4
"2147",2018-08-23 11:50:00,760.333333333333
"2148",2018-08-23 11:55:00,760.266666666667
"2149",2018-08-23 12:00:00,760.2
"2150",2018-08-23 12:05:00,760.2
"2151",2018-08-23 12:10:00,760.2
"2152",2018-08-23 12:15:00,760.2
"2153",2018-08-23 12:20:00,760.2
"2154",2018-08-23 12:25:00,760.2
"2155",2018-08-23 12:30:00,760.2
"2156",2018-08-23 12:35:00,760.2
"2157",2018-08-23 12:40:00,760.2
"2158",2018-08-23 12:45:00,760.2
"2159",2018-08-23 12:50:00,760.066666666667
"2160",2018-08-23 12:55:00,759.933333333333
"2161",2018-08-23 13:00:00,759.8
"2162",2018-08-23 13:05:00,759.8
"2163",2018-08-23 13:10:00,759.8
"2164",2018-08-23 13:15:00,759.8
"2165",2018-08-23 13:20:00,759.8
"2166",2018-08-23 13:25:00,759.8
"2167",2018-08-23 13:30:00,759.8
"2168",2018-08-23 13:35:00,759.8
"2169",2018-08-23 13:40:00,759.8
"2170",2018-08-23 13:45:00,759.8
"2171",2018-08-23 13:50:00,759.666666666667
"2172",2018-08-23 13:55:00,759.533333333333
"2173",2018-08-23 14:00:00,759.4
"2174",2018-08-23 14:05:00,759.4
"2175",2018-08-23 14:10:00,759.4
"2176",2018-08-23 14:15:00,759.4
"2177",2018-08-23 14:20:00,759.4
"2178",2018-08-23 14:25:00,759.4
"2179",2018-08-23 14:30:00,759.4
"2180",2018-08-23 14:35:00,759.4
"2181",2018-08-23 14:40:00,759.4
"2182",2018-08-23 14:45:00,759.4
"2183",2018-08-23 14:50:00,759.3
"2184",2018-08-23 14:55:00,759.2
"2185",2018-08-23 15:00:00,759.1
"2186",2018-08-23 15:05:00,759.1
"2187",2018-08-23 15:10:00,759.1
"2188",2018-08-23 15:15:00,759.1
"2189",2018-08-23 15:20:00,759.1
"2190",2018-08-23 15:25:00,759.1
"2191",2018-08-23 15:30:00,759.1
"2192",2018-08-23 15:35:00,759.1
"2193",2018-08-23 15:40:00,759.1
"2194",2018-08-23 15:45:00,759.1
"2195",2018-08-23 15:50:00,758.966666666667
"2196",2018-08-23 15:55:00,758.833333333333
"2197",2018-08-23 16:00:00,758.7
"2198",2018-08-23 16:05:00,758.7
"2199",2018-08-23 16:10:00,758.7
"2200",2018-08-23 16:15:00,758.7
"2201",2018-08-23 16:20:00,758.7
"2202",2018-08-23 16:25:00,758.7
"2203",2018-08-23 16:30:00,758.7
"2204",2018-08-23 16:35:00,758.7
"2205",2018-08-23 16:40:00,758.7
"2206",2018-08-23 16:45:00,758.7
"2207",2018-08-23 16:50:00,758.566666666667
"2208",2018-08-23 16:55:00,758.433333333333
"2209",2018-08-23 17:00:00,758.3
"2210",2018-08-23 17:05:00,758.3
"2211",2018-08-23 17:10:00,758.3
"2212",2018-08-23 17:15:00,758.3
"2213",2018-08-23 17:20:00,758.3
"2214",2018-08-23 17:25:00,758.3
"2215",2018-08-23 17:30:00,758.3
"2216",2018-08-23 17:35:00,758.3
"2217",2018-08-23 17:40:00,758.3
"2218",2018-08-23 17:45:00,758.3
"2219",2018-08-23 17:50:00,758.2
"2220",2018-08-23 17:55:00,758.1
"2221",2018-08-23 18:00:00,758
"2222",2018-08-23 18:05:00,758
"2223",2018-08-23 18:10:00,758
"2224",2018-08-23 18:15:00,758
"2225",2018-08-23 18:20:00,758
"2226",2018-08-23 18:25:00,758
"2227",2018-08-23 18:30:00,758
"2228",2018-08-23 18:35:00,758
"2229",2018-08-23 18:40:00,758
"2230",2018-08-23 18:45:00,758
"2231",2018-08-23 18:50:00,757.966666666667
"2232",2018-08-23 18:55:00,757.933333333333
"2233",2018-08-23 19:00:00,757.9
"2234",2018-08-23 19:05:00,757.9
"2235",2018-08-23 19:10:00,757.9
"2236",2018-08-23 19:15:00,757.9
"2237",2018-08-23 19:20:00,757.9
"2238",2018-08-23 19:25:00,757.9
"2239",2018-08-23 19:30:00,757.9
"2240",2018-08-23 19:35:00,757.9
"2241",2018-08-23 19:40:00,757.9
"2242",2018-08-23 19:45:00,757.9
"2243",2018-08-23 19:50:00,757.833333333333
"2244",2018-08-23 19:55:00,757.766666666667
"2245",2018-08-23 20:00:00,757.7
"2246",2018-08-23 20:05:00,757.7
"2247",2018-08-23 20:10:00,757.7
"2248",2018-08-23 20:15:00,757.7
"2249",2018-08-23 20:20:00,757.7
"2250",2018-08-23 20:25:00,757.7
"2251",2018-08-23 20:30:00,757.7
"2252",2018-08-23 20:35:00,757.7
"2253",2018-08-23 20:40:00,757.7
"2254",2018-08-23 20:45:00,757.7
"2255",2018-08-23 20:50:00,757.8
"2256",2018-08-23 20:55:00,757.9
"2257",2018-08-23 21:00:00,758
"2258",2018-08-23 21:05:00,758
"2259",2018-08-23 21:10:00,758
"2260",2018-08-23 21:15:00,758
"2261",2018-08-23 21:20:00,758
"2262",2018-08-23 21:25:00,758
"2263",2018-08-23 21:30:00,758
"2264",2018-08-23 21:35:00,758
"2265",2018-08-23 21:40:00,758
"2266",2018-08-23 21:45:00,758
"2267",2018-08-23 21:50:00,758.033333333333
"2268",2018-08-23 21:55:00,758.066666666667
"2269",2018-08-23 22:00:00,758.1
"2270",2018-08-23 22:05:00,758.1
"2271",2018-08-23 22:10:00,758.1
"2272",2018-08-23 22:15:00,758.1
"2273",2018-08-23 22:20:00,758.1
"2274",2018-08-23 22:25:00,758.1
"2275",2018-08-23 22:30:00,758.1
"2276",2018-08-23 22:35:00,758.1
"2277",2018-08-23 22:40:00,758.1
"2278",2018-08-23 22:45:00,758.1
"2279",2018-08-23 22:50:00,758.133333333333
"2280",2018-08-23 22:55:00,758.166666666667
"2281",2018-08-23 23:00:00,758.2
"2282",2018-08-23 23:05:00,758.2
"2283",2018-08-23 23:10:00,758.2
"2284",2018-08-23 23:15:00,758.2
"2285",2018-08-23 23:20:00,758.2
"2286",2018-08-23 23:25:00,758.2
"2287",2018-08-23 23:30:00,758.2
"2288",2018-08-23 23:35:00,758.2
"2289",2018-08-23 23:40:00,758.2
"2290",2018-08-23 23:45:00,758.2
"2291",2018-08-23 23:50:00,758.2
"2292",2018-08-23 23:55:00,758.2
"2293",2018-08-24 00:00:00,758.2
"2294",2018-08-24 00:05:00,758.2
"2295",2018-08-24 00:10:00,758.2
"2296",2018-08-24 00:15:00,758.2
"2297",2018-08-24 00:20:00,758.2
"2298",2018-08-24 00:25:00,758.2
"2299",2018-08-24 00:30:00,758.2
"2300",2018-08-24 00:35:00,758.2
"2301",2018-08-24 00:40:00,758.2
"2302",2018-08-24 00:45:00,758.2
"2303",2018-08-24 00:50:00,758.133333333333
"2304",2018-08-24 00:55:00,758.066666666667
"2305",2018-08-24 01:00:00,758
"2306",2018-08-24 01:05:00,758
"2307",2018-08-24 01:10:00,758
"2308",2018-08-24 01:15:00,758
"2309",2018-08-24 01:20:00,758
"2310",2018-08-24 01:25:00,758
"2311",2018-08-24 01:30:00,758
"2312",2018-08-24 01:35:00,758
"2313",2018-08-24 01:40:00,758
"2314",2018-08-24 01:45:00,758
"2315",2018-08-24 01:50:00,758
"2316",2018-08-24 01:55:00,758
"2317",2018-08-24 02:00:00,758
"2318",2018-08-24 02:05:00,758
"2319",2018-08-24 02:10:00,758
"2320",2018-08-24 02:15:00,758
"2321",2018-08-24 02:20:00,758
"2322",2018-08-24 02:25:00,758
"2323",2018-08-24 02:30:00,758
"2324",2018-08-24 02:35:00,758
"2325",2018-08-24 02:40:00,758
"2326",2018-08-24 02:45:00,758
"2327",2018-08-24 02:50:00,757.933333333333
"2328",2018-08-24 02:55:00,757.866666666667
"2329",2018-08-24 03:00:00,757.8
"2330",2018-08-24 03:05:00,757.8
"2331",2018-08-24 03:10:00,757.8
"2332",2018-08-24 03:15:00,757.8
"2333",2018-08-24 03:20:00,757.8
"2334",2018-08-24 03:25:00,757.8
"2335",2018-08-24 03:30:00,757.8
"2336",2018-08-24 03:35:00,757.8
"2337",2018-08-24 03:40:00,757.8
"2338",2018-08-24 03:45:00,757.8
"2339",2018-08-24 03:50:00,757.866666666667
"2340",2018-08-24 03:55:00,757.933333333333
"2341",2018-08-24 04:00:00,758
"2342",2018-08-24 04:05:00,758
"2343",2018-08-24 04:10:00,758
"2344",2018-08-24 04:15:00,758
"2345",2018-08-24 04:20:00,758
"2346",2018-08-24 04:25:00,758
"2347",2018-08-24 04:30:00,758
"2348",2018-08-24 04:35:00,758
"2349",2018-08-24 04:40:00,758
"2350",2018-08-24 04:45:00,758
"2351",2018-08-24 04:50:00,758
"2352",2018-08-24 04:55:00,758
"2353",2018-08-24 05:00:00,758
"2354",2018-08-24 05:05:00,758
"2355",2018-08-24 05:10:00,758
"2356",2018-08-24 05:15:00,758
"2357",2018-08-24 05:20:00,758
"2358",2018-08-24 05:25:00,758
"2359",2018-08-24 05:30:00,758
"2360",2018-08-24 05:35:00,758
"2361",2018-08-24 05:40:00,758
"2362",2018-08-24 05:45:00,758
"2363",2018-08-24 05:50:00,757.9
"2364",2018-08-24 05:55:00,757.8
"2365",2018-08-24 06:00:00,757.7
"2366",2018-08-24 06:05:00,757.7
"2367",2018-08-24 06:10:00,757.7
"2368",2018-08-24 06:15:00,757.7
"2369",2018-08-24 06:20:00,757.7
"2370",2018-08-24 06:25:00,757.7
"2371",2018-08-24 06:30:00,757.7
"2372",2018-08-24 06:35:00,757.7
"2373",2018-08-24 06:40:00,757.7
"2374",2018-08-24 06:45:00,757.7
"2375",2018-08-24 06:50:00,757.766666666667
"2376",2018-08-24 06:55:00,757.833333333333
"2377",2018-08-24 07:00:00,757.9
"2378",2018-08-24 07:05:00,757.9
"2379",2018-08-24 07:10:00,757.9
"2380",2018-08-24 07:15:00,757.9
"2381",2018-08-24 07:20:00,757.9
"2382",2018-08-24 07:25:00,757.9
"2383",2018-08-24 07:30:00,757.9
"2384",2018-08-24 07:35:00,757.9
"2385",2018-08-24 07:40:00,757.9
"2386",2018-08-24 07:45:00,757.9
"2387",2018-08-24 07:50:00,757.966666666667
"2388",2018-08-24 07:55:00,758.033333333333
"2389",2018-08-24 08:00:00,758.1
"2390",2018-08-24 08:05:00,758.1
"2391",2018-08-24 08:10:00,758.1
"2392",2018-08-24 08:15:00,758.1
"2393",2018-08-24 08:20:00,758.1
"2394",2018-08-24 08:25:00,758.1
"2395",2018-08-24 08:30:00,758.1
"2396",2018-08-24 08:35:00,758.1
"2397",2018-08-24 08:40:00,758.1
"2398",2018-08-24 08:45:00,758.1
"2399",2018-08-24 08:50:00,758.266666666667
"2400",2018-08-24 08:55:00,758.433333333333
"2401",2018-08-24 09:00:00,758.6
"2402",2018-08-24 09:05:00,758.6
"2403",2018-08-24 09:10:00,758.6
"2404",2018-08-24 09:15:00,758.6
"2405",2018-08-24 09:20:00,758.6
"2406",2018-08-24 09:25:00,758.6
"2407",2018-08-24 09:30:00,758.6
"2408",2018-08-24 09:35:00,758.6
"2409",2018-08-24 09:40:00,758.6
"2410",2018-08-24 09:45:00,758.6
"2411",2018-08-24 09:50:00,758.6
"2412",2018-08-24 09:55:00,758.6
"2413",2018-08-24 10:00:00,758.6
"2414",2018-08-24 10:05:00,758.6
"2415",2018-08-24 10:10:00,758.6
"2416",2018-08-24 10:15:00,758.6
"2417",2018-08-24 10:20:00,758.6
"2418",2018-08-24 10:25:00,758.6
"2419",2018-08-24 10:30:00,758.6
"2420",2018-08-24 10:35:00,758.6
"2421",2018-08-24 10:40:00,758.6
"2422",2018-08-24 10:45:00,758.6
"2423",2018-08-24 10:50:00,758.6
"2424",2018-08-24 10:55:00,758.6
"2425",2018-08-24 11:00:00,758.6
"2426",2018-08-24 11:05:00,758.6
"2427",2018-08-24 11:10:00,758.6
"2428",2018-08-24 11:15:00,758.6
"2429",2018-08-24 11:20:00,758.6
"2430",2018-08-24 11:25:00,758.6
"2431",2018-08-24 11:30:00,758.6
"2432",2018-08-24 11:35:00,758.6
"2433",2018-08-24 11:40:00,758.6
"2434",2018-08-24 11:45:00,758.6
"2435",2018-08-24 11:50:00,758.6
"2436",2018-08-24 11:55:00,758.6
"2437",2018-08-24 12:00:00,758.6
"2438",2018-08-24 12:05:00,758.6
"2439",2018-08-24 12:10:00,758.6
"2440",2018-08-24 12:15:00,758.6
"2441",2018-08-24 12:20:00,758.6
"2442",2018-08-24 12:25:00,758.6
"2443",2018-08-24 12:30:00,758.6
"2444",2018-08-24 12:35:00,758.6
"2445",2018-08-24 12:40:00,758.6
"2446",2018-08-24 12:45:00,758.6
"2447",2018-08-24 12:50:00,758.466666666667
"2448",2018-08-24 12:55:00,758.333333333333
"2449",2018-08-24 13:00:00,758.2
"2450",2018-08-24 13:05:00,758.2
"2451",2018-08-24 13:10:00,758.2
"2452",2018-08-24 13:15:00,758.2
"2453",2018-08-24 13:20:00,758.2
"2454",2018-08-24 13:25:00,758.2
"2455",2018-08-24 13:30:00,758.2
"2456",2018-08-24 13:35:00,758.2
"2457",2018-08-24 13:40:00,758.2
"2458",2018-08-24 13:45:00,758.2
"2459",2018-08-24 13:50:00,758.2
"2460",2018-08-24 13:55:00,758.2
"2461",2018-08-24 14:00:00,758.2
"2462",2018-08-24 14:05:00,758.2
"2463",2018-08-24 14:10:00,758.2
"2464",2018-08-24 14:15:00,758.2
"2465",2018-08-24 14:20:00,758.2
"2466",2018-08-24 14:25:00,758.2
"2467",2018-08-24 14:30:00,758.2
"2468",2018-08-24 14:35:00,758.2
"2469",2018-08-24 14:40:00,758.2
"2470",2018-08-24 14:45:00,758.2
"2471",2018-08-24 14:50:00,758.233333333333
"2472",2018-08-24 14:55:00,758.266666666667
"2473",2018-08-24 15:00:00,758.3
"2474",2018-08-24 15:05:00,758.3
"2475",2018-08-24 15:10:00,758.3
"2476",2018-08-24 15:15:00,758.3
"2477",2018-08-24 15:20:00,758.3
"2478",2018-08-24 15:25:00,758.3
"2479",2018-08-24 15:30:00,758.3
"2480",2018-08-24 15:35:00,758.3
"2481",2018-08-24 15:40:00,758.3
"2482",2018-08-24 15:45:00,758.3
"2483",2018-08-24 15:50:00,758.333333333333
"2484",2018-08-24 15:55:00,758.366666666667
"2485",2018-08-24 16:00:00,758.4
"2486",2018-08-24 16:05:00,758.4
"2487",2018-08-24 16:10:00,758.4
"2488",2018-08-24 16:15:00,758.4
"2489",2018-08-24 16:20:00,758.4
"2490",2018-08-24 16:25:00,758.4
"2491",2018-08-24 16:30:00,758.4
"2492",2018-08-24 16:35:00,758.4
"2493",2018-08-24 16:40:00,758.4
"2494",2018-08-24 16:45:00,758.4
"2495",2018-08-24 16:50:00,758.466666666667
"2496",2018-08-24 16:55:00,758.533333333333
"2497",2018-08-24 17:00:00,758.6
"2498",2018-08-24 17:05:00,758.6
"2499",2018-08-24 17:10:00,758.6
"2500",2018-08-24 17:15:00,758.6
"2501",2018-08-24 17:20:00,758.6
"2502",2018-08-24 17:25:00,758.6
"2503",2018-08-24 17:30:00,758.6
"2504",2018-08-24 17:35:00,758.6
"2505",2018-08-24 17:40:00,758.6
"2506",2018-08-24 17:45:00,758.6
"2507",2018-08-24 17:50:00,758.7
"2508",2018-08-24 17:55:00,758.8
"2509",2018-08-24 18:00:00,758.9
"2510",2018-08-24 18:05:00,758.9
"2511",2018-08-24 18:10:00,758.9
"2512",2018-08-24 18:15:00,758.9
"2513",2018-08-24 18:20:00,758.9
"2514",2018-08-24 18:25:00,758.9
"2515",2018-08-24 18:30:00,758.9
"2516",2018-08-24 18:35:00,758.9
"2517",2018-08-24 18:40:00,758.9
"2518",2018-08-24 18:45:00,758.9
"2519",2018-08-24 18:50:00,759.066666666667
"2520",2018-08-24 18:55:00,759.233333333333
"2521",2018-08-24 19:00:00,759.4
"2522",2018-08-24 19:05:00,759.4
"2523",2018-08-24 19:10:00,759.4
"2524",2018-08-24 19:15:00,759.4
"2525",2018-08-24 19:20:00,759.4
"2526",2018-08-24 19:25:00,759.4
"2527",2018-08-24 19:30:00,759.4
"2528",2018-08-24 19:35:00,759.4
"2529",2018-08-24 19:40:00,759.4
"2530",2018-08-24 19:45:00,759.4
"2531",2018-08-24 19:50:00,759.533333333333
"2532",2018-08-24 19:55:00,759.666666666667
"2533",2018-08-24 20:00:00,759.8
"2534",2018-08-24 20:05:00,759.8
"2535",2018-08-24 20:10:00,759.8
"2536",2018-08-24 20:15:00,759.8
"2537",2018-08-24 20:20:00,759.8
"2538",2018-08-24 20:25:00,759.8
"2539",2018-08-24 20:30:00,759.8
"2540",2018-08-24 20:35:00,759.8
"2541",2018-08-24 20:40:00,759.8
"2542",2018-08-24 20:45:00,759.8
"2543",2018-08-24 20:50:00,759.933333333333
"2544",2018-08-24 20:55:00,760.066666666667
"2545",2018-08-24 21:00:00,760.2
"2546",2018-08-24 21:05:00,760.2
"2547",2018-08-24 21:10:00,760.2
"2548",2018-08-24 21:15:00,760.2
"2549",2018-08-24 21:20:00,760.2
"2550",2018-08-24 21:25:00,760.2
"2551",2018-08-24 21:30:00,760.2
"2552",2018-08-24 21:35:00,760.2
"2553",2018-08-24 21:40:00,760.2
"2554",2018-08-24 21:45:00,760.2
"2555",2018-08-24 21:50:00,760.4
"2556",2018-08-24 21:55:00,760.6
"2557",2018-08-24 22:00:00,760.8
"2558",2018-08-24 22:05:00,760.8
"2559",2018-08-24 22:10:00,760.8
"2560",2018-08-24 22:15:00,760.8
"2561",2018-08-24 22:20:00,760.8
"2562",2018-08-24 22:25:00,760.8
"2563",2018-08-24 22:30:00,760.8
"2564",2018-08-24 22:35:00,760.8
"2565",2018-08-24 22:40:00,760.8
"2566",2018-08-24 22:45:00,760.8
"2567",2018-08-24 22:50:00,760.866666666667
"2568",2018-08-24 22:55:00,760.933333333333
"2569",2018-08-24 23:00:00,761
"2570",2018-08-24 23:05:00,761
"2571",2018-08-24 23:10:00,761
"2572",2018-08-24 23:15:00,761
"2573",2018-08-24 23:20:00,761
"2574",2018-08-24 23:25:00,761
"2575",2018-08-24 23:30:00,761
"2576",2018-08-24 23:35:00,761
"2577",2018-08-24 23:40:00,761
"2578",2018-08-24 23:45:00,761
"2579",2018-08-24 23:50:00,761.033333333333
"2580",2018-08-24 23:55:00,761.066666666667
"2581",2018-08-25 00:00:00,761.1
"2582",2018-08-25 00:05:00,761.1
"2583",2018-08-25 00:10:00,761.1
"2584",2018-08-25 00:15:00,761.1
"2585",2018-08-25 00:20:00,761.1
"2586",2018-08-25 00:25:00,761.1
"2587",2018-08-25 00:30:00,761.1
"2588",2018-08-25 00:35:00,761.1
"2589",2018-08-25 00:40:00,761.1
"2590",2018-08-25 00:45:00,761.1
"2591",2018-08-25 00:50:00,761.133333333333
"2592",2018-08-25 00:55:00,761.166666666667
"2593",2018-08-25 01:00:00,761.2
"2594",2018-08-25 01:05:00,761.2
"2595",2018-08-25 01:10:00,761.2
"2596",2018-08-25 01:15:00,761.2
"2597",2018-08-25 01:20:00,761.2
"2598",2018-08-25 01:25:00,761.2
"2599",2018-08-25 01:30:00,761.2
"2600",2018-08-25 01:35:00,761.2
"2601",2018-08-25 01:40:00,761.2
"2602",2018-08-25 01:45:00,761.2
"2603",2018-08-25 01:50:00,761.233333333333
"2604",2018-08-25 01:55:00,761.266666666667
"2605",2018-08-25 02:00:00,761.3
"2606",2018-08-25 02:05:00,761.3
"2607",2018-08-25 02:10:00,761.3
"2608",2018-08-25 02:15:00,761.3
"2609",2018-08-25 02:20:00,761.3
"2610",2018-08-25 02:25:00,761.3
"2611",2018-08-25 02:30:00,761.3
"2612",2018-08-25 02:35:00,761.3
"2613",2018-08-25 02:40:00,761.3
"2614",2018-08-25 02:45:00,761.3
"2615",2018-08-25 02:50:00,761.266666666667
"2616",2018-08-25 02:55:00,761.233333333333
"2617",2018-08-25 03:00:00,761.2
"2618",2018-08-25 03:05:00,761.2
"2619",2018-08-25 03:10:00,761.2
"2620",2018-08-25 03:15:00,761.2
"2621",2018-08-25 03:20:00,761.2
"2622",2018-08-25 03:25:00,761.2
"2623",2018-08-25 03:30:00,761.2
"2624",2018-08-25 03:35:00,761.2
"2625",2018-08-25 03:40:00,761.2
"2626",2018-08-25 03:45:00,761.2
"2627",2018-08-25 03:50:00,761.3
"2628",2018-08-25 03:55:00,761.4
"2629",2018-08-25 04:00:00,761.5
"2630",2018-08-25 04:05:00,761.5
"2631",2018-08-25 04:10:00,761.5
"2632",2018-08-25 04:15:00,761.5
"2633",2018-08-25 04:20:00,761.5
"2634",2018-08-25 04:25:00,761.5
"2635",2018-08-25 04:30:00,761.5
"2636",2018-08-25 04:35:00,761.5
"2637",2018-08-25 04:40:00,761.5
"2638",2018-08-25 04:45:00,761.5
"2639",2018-08-25 04:50:00,761.433333333333
"2640",2018-08-25 04:55:00,761.366666666667
"2641",2018-08-25 05:00:00,761.3
"2642",2018-08-25 05:05:00,761.3
"2643",2018-08-25 05:10:00,761.3
"2644",2018-08-25 05:15:00,761.3
"2645",2018-08-25 05:20:00,761.3
"2646",2018-08-25 05:25:00,761.3
"2647",2018-08-25 05:30:00,761.3
"2648",2018-08-25 05:35:00,761.3
"2649",2018-08-25 05:40:00,761.3
"2650",2018-08-25 05:45:00,761.3
"2651",2018-08-25 05:50:00,761.3
"2652",2018-08-25 05:55:00,761.3
"2653",2018-08-25 06:00:00,761.3
"2654",2018-08-25 06:05:00,761.3
"2655",2018-08-25 06:10:00,761.3
"2656",2018-08-25 06:15:00,761.3
"2657",2018-08-25 06:20:00,761.3
"2658",2018-08-25 06:25:00,761.3
"2659",2018-08-25 06:30:00,761.3
"2660",2018-08-25 06:35:00,761.3
"2661",2018-08-25 06:40:00,761.3
"2662",2018-08-25 06:45:00,761.3
"2663",2018-08-25 06:50:00,761.366666666667
"2664",2018-08-25 06:55:00,761.433333333333
"2665",2018-08-25 07:00:00,761.5
"2666",2018-08-25 07:05:00,761.5
"2667",2018-08-25 07:10:00,761.5
"2668",2018-08-25 07:15:00,761.5
"2669",2018-08-25 07:20:00,761.5
"2670",2018-08-25 07:25:00,761.5
"2671",2018-08-25 07:30:00,761.5
"2672",2018-08-25 07:35:00,761.5
"2673",2018-08-25 07:40:00,761.5
"2674",2018-08-25 07:45:00,761.5
"2675",2018-08-25 07:50:00,761.566666666667
"2676",2018-08-25 07:55:00,761.633333333333
"2677",2018-08-25 08:00:00,761.7
"2678",2018-08-25 08:05:00,761.7
"2679",2018-08-25 08:10:00,761.7
"2680",2018-08-25 08:15:00,761.7
"2681",2018-08-25 08:20:00,761.7
"2682",2018-08-25 08:25:00,761.7
"2683",2018-08-25 08:30:00,761.7
"2684",2018-08-25 08:35:00,761.7
"2685",2018-08-25 08:40:00,761.7
"2686",2018-08-25 08:45:00,761.7
"2687",2018-08-25 08:50:00,761.766666666667
"2688",2018-08-25 08:55:00,761.833333333333
"2689",2018-08-25 09:00:00,761.9
"2690",2018-08-25 09:05:00,761.9
"2691",2018-08-25 09:10:00,761.9
"2692",2018-08-25 09:15:00,761.9
"2693",2018-08-25 09:20:00,761.9
"2694",2018-08-25 09:25:00,761.9
"2695",2018-08-25 09:30:00,761.9
"2696",2018-08-25 09:35:00,761.9
"2697",2018-08-25 09:40:00,761.9
"2698",2018-08-25 09:45:00,761.9
"2699",2018-08-25 09:50:00,761.9
"2700",2018-08-25 09:55:00,761.9
"2701",2018-08-25 10:00:00,761.9
"2702",2018-08-25 10:05:00,761.9
"2703",2018-08-25 10:10:00,761.9
"2704",2018-08-25 10:15:00,761.9
"2705",2018-08-25 10:20:00,761.9
"2706",2018-08-25 10:25:00,761.9
"2707",2018-08-25 10:30:00,761.9
"2708",2018-08-25 10:35:00,761.9
"2709",2018-08-25 10:40:00,761.9
"2710",2018-08-25 10:45:00,761.9
"2711",2018-08-25 10:50:00,761.833333333333
"2712",2018-08-25 10:55:00,761.766666666667
"2713",2018-08-25 11:00:00,761.7
"2714",2018-08-25 11:05:00,761.7
"2715",2018-08-25 11:10:00,761.7
"2716",2018-08-25 11:15:00,761.7
"2717",2018-08-25 11:20:00,761.7
"2718",2018-08-25 11:25:00,761.7
"2719",2018-08-25 11:30:00,761.7
"2720",2018-08-25 11:35:00,761.7
"2721",2018-08-25 11:40:00,761.7
"2722",2018-08-25 11:45:00,761.7
"2723",2018-08-25 11:50:00,761.733333333333
"2724",2018-08-25 11:55:00,761.766666666667
"2725",2018-08-25 12:00:00,761.8
"2726",2018-08-25 12:05:00,761.8
"2727",2018-08-25 12:10:00,761.8
"2728",2018-08-25 12:15:00,761.8
"2729",2018-08-25 12:20:00,761.8
"2730",2018-08-25 12:25:00,761.8
"2731",2018-08-25 12:30:00,761.8
"2732",2018-08-25 12:35:00,761.8
"2733",2018-08-25 12:40:00,761.8
"2734",2018-08-25 12:45:00,761.8
"2735",2018-08-25 12:50:00,761.7
"2736",2018-08-25 12:55:00,761.6
"2737",2018-08-25 13:00:00,761.5
"2738",2018-08-25 13:05:00,761.5
"2739",2018-08-25 13:10:00,761.5
"2740",2018-08-25 13:15:00,761.5
"2741",2018-08-25 13:20:00,761.5
"2742",2018-08-25 13:25:00,761.5
"2743",2018-08-25 13:30:00,761.5
"2744",2018-08-25 13:35:00,761.5
"2745",2018-08-25 13:40:00,761.5
"2746",2018-08-25 13:45:00,761.5
"2747",2018-08-25 13:50:00,761.333333333333
"2748",2018-08-25 13:55:00,761.166666666667
"2749",2018-08-25 14:00:00,761
"2750",2018-08-25 14:05:00,761
"2751",2018-08-25 14:10:00,761
"2752",2018-08-25 14:15:00,761
"2753",2018-08-25 14:20:00,761
"2754",2018-08-25 14:25:00,761
"2755",2018-08-25 14:30:00,761
"2756",2018-08-25 14:35:00,761
"2757",2018-08-25 14:40:00,761
"2758",2018-08-25 14:45:00,761
"2759",2018-08-25 14:50:00,760.866666666667
"2760",2018-08-25 14:55:00,760.733333333333
"2761",2018-08-25 15:00:00,760.6
"2762",2018-08-25 15:05:00,760.6
"2763",2018-08-25 15:10:00,760.6
"2764",2018-08-25 15:15:00,760.6
"2765",2018-08-25 15:20:00,760.6
"2766",2018-08-25 15:25:00,760.6
"2767",2018-08-25 15:30:00,760.6
"2768",2018-08-25 15:35:00,760.6
"2769",2018-08-25 15:40:00,760.6
"2770",2018-08-25 15:45:00,760.6
"2771",2018-08-25 15:50:00,760.433333333333
"2772",2018-08-25 15:55:00,760.266666666667
"2773",2018-08-25 16:00:00,760.1
"2774",2018-08-25 16:05:00,760.1
"2775",2018-08-25 16:10:00,760.1
"2776",2018-08-25 16:15:00,760.1
"2777",2018-08-25 16:20:00,760.1
"2778",2018-08-25 16:25:00,760.1
"2779",2018-08-25 16:30:00,760.1
"2780",2018-08-25 16:35:00,760.1
"2781",2018-08-25 16:40:00,760.1
"2782",2018-08-25 16:45:00,760.1
"2783",2018-08-25 16:50:00,759.966666666667
"2784",2018-08-25 16:55:00,759.833333333333
"2785",2018-08-25 17:00:00,759.7
"2786",2018-08-25 17:05:00,759.7
"2787",2018-08-25 17:10:00,759.7
"2788",2018-08-25 17:15:00,759.7
"2789",2018-08-25 17:20:00,759.7
"2790",2018-08-25 17:25:00,759.7
"2791",2018-08-25 17:30:00,759.7
"2792",2018-08-25 17:35:00,759.7
"2793",2018-08-25 17:40:00,759.7
"2794",2018-08-25 17:45:00,759.7
"2795",2018-08-25 17:50:00,759.566666666667
"2796",2018-08-25 17:55:00,759.433333333333
"2797",2018-08-25 18:00:00,759.3
"2798",2018-08-25 18:05:00,759.3
"2799",2018-08-25 18:10:00,759.3
"2800",2018-08-25 18:15:00,759.3
"2801",2018-08-25 18:20:00,759.3
"2802",2018-08-25 18:25:00,759.3
"2803",2018-08-25 18:30:00,759.3
"2804",2018-08-25 18:35:00,759.3
"2805",2018-08-25 18:40:00,759.3
"2806",2018-08-25 18:45:00,759.3
"2807",2018-08-25 18:50:00,759.233333333333
"2808",2018-08-25 18:55:00,759.166666666667
"2809",2018-08-25 19:00:00,759.1
"2810",2018-08-25 19:05:00,759.1
"2811",2018-08-25 19:10:00,759.1
"2812",2018-08-25 19:15:00,759.1
"2813",2018-08-25 19:20:00,759.1
"2814",2018-08-25 19:25:00,759.1
"2815",2018-08-25 19:30:00,759.1
"2816",2018-08-25 19:35:00,759.1
"2817",2018-08-25 19:40:00,759.1
"2818",2018-08-25 19:45:00,759.1
"2819",2018-08-25 19:50:00,759.066666666667
"2820",2018-08-25 19:55:00,759.033333333333
"2821",2018-08-25 20:00:00,759
"2822",2018-08-25 20:05:00,759
"2823",2018-08-25 20:10:00,759
"2824",2018-08-25 20:15:00,759
"2825",2018-08-25 20:20:00,759
"2826",2018-08-25 20:25:00,759
"2827",2018-08-25 20:30:00,759
"2828",2018-08-25 20:35:00,759
"2829",2018-08-25 20:40:00,759
"2830",2018-08-25 20:45:00,759
"2831",2018-08-25 20:50:00,759.033333333333
"2832",2018-08-25 20:55:00,759.066666666667
"2833",2018-08-25 21:00:00,759.1
"2834",2018-08-25 21:05:00,759.1
"2835",2018-08-25 21:10:00,759.1
"2836",2018-08-25 21:15:00,759.1
"2837",2018-08-25 21:20:00,759.1
"2838",2018-08-25 21:25:00,759.1
"2839",2018-08-25 21:30:00,759.1
"2840",2018-08-25 21:35:00,759.1
"2841",2018-08-25 21:40:00,759.1
"2842",2018-08-25 21:45:00,759.1
"2843",2018-08-25 21:50:00,759.166666666667
"2844",2018-08-25 21:55:00,759.233333333333
"2845",2018-08-25 22:00:00,759.3
"2846",2018-08-25 22:05:00,759.3
"2847",2018-08-25 22:10:00,759.3
"2848",2018-08-25 22:15:00,759.3
"2849",2018-08-25 22:20:00,759.3
"2850",2018-08-25 22:25:00,759.3
"2851",2018-08-25 22:30:00,759.3
"2852",2018-08-25 22:35:00,759.3
"2853",2018-08-25 22:40:00,759.3
"2854",2018-08-25 22:45:00,759.3
"2855",2018-08-25 22:50:00,759.3
"2856",2018-08-25 22:55:00,759.3
"2857",2018-08-25 23:00:00,759.3
"2858",2018-08-25 23:05:00,759.3
"2859",2018-08-25 23:10:00,759.3
"2860",2018-08-25 23:15:00,759.3
"2861",2018-08-25 23:20:00,759.3
"2862",2018-08-25 23:25:00,759.3
"2863",2018-08-25 23:30:00,759.3
"2864",2018-08-25 23:35:00,759.3
"2865",2018-08-25 23:40:00,759.3
"2866",2018-08-25 23:45:00,759.3
"2867",2018-08-25 23:50:00,759.266666666667
"2868",2018-08-25 23:55:00,759.233333333333
"2869",2018-08-26 00:00:00,759.2
"2870",2018-08-26 00:05:00,759.2
"2871",2018-08-26 00:10:00,759.2
"2872",2018-08-26 00:15:00,759.2
"2873",2018-08-26 00:20:00,759.2
"2874",2018-08-26 00:25:00,759.2
"2875",2018-08-26 00:30:00,759.2
"2876",2018-08-26 00:35:00,759.2
"2877",2018-08-26 00:40:00,759.2
"2878",2018-08-26 00:45:00,759.2
