"","DateTime","Temp","DO","CO2ppm_LowR","TempC","Baro_atm","V","kH_CO2","Hcc_CO2","Cgas_low","Caq_molL_low","pCO2_uatm_Low","pH","PAR_filled"
"1",2018-08-22 05:30:00,14.366893,7.748908,1249.54375,19.15,0.904007656064912,26.5331137840249,34.5510415971946,0.0289426875073195,47.0937470879247,1.36301960551454,1232.18015875172,NA,0
"2",2018-08-22 05:35:00,14.34093,7.750142,1245.68125,19.14,0.904007656064912,26.5322060483498,34.5607487220116,0.0289345583350486,46.9497804943165,1.35847116253053,1228.068331471,NA,0
"3",2018-08-22 05:40:00,14.314961,7.751383,1251.015,19.12,0.904007656064912,26.5303905769996,34.5801731482421,0.0289183051719576,47.1540362879001,1.36361481146306,1232.71822948612,NA,0
"4",2018-08-22 05:45:00,14.297644,7.769097,1252.856875,19.08,0.904007557524727,26.5267625258145,34.6190627461603,0.0288858195651444,47.229920114857,1.36427495051394,1233.31486580628,NA,0
"5",2018-08-22 05:50:00,14.271662,7.757681,1253.78125,19.054375,0.903894137771933,26.5277647132502,34.6440049780246,0.0288650229854868,47.2629813914836,1.36424704422781,1233.1349057502,NA,0
"6",2018-08-22 05:55:00,14.245673,7.777949,1251.003125,19.05,0.90377588955008,26.5308383164954,34.6482656408802,0.0288614734822437,47.1527929150356,1.36089908233103,1229.94777872161,NA,0
"7",2018-08-22 06:00:00,14.228344,7.776677,1254.94625,19.021875,0.903657739868412,26.5317531236896,34.6756711802023,0.0288386631307929,47.2997861901364,1.36406260009588,1232.64572624167,8.03606425702811,0
"8",2018-08-22 06:05:00,14.211011,7.788103,1257.095,18.989375,0.903652911399353,26.5289435911589,34.7073733820176,0.0288123214912631,47.3857918872782,1.36529466997435,1233.75250344034,8.06389558232932,5.46821333333333
"9",2018-08-22 06:10:00,14.176335,7.772878,1256.4075,18.96,0.903652911399353,26.5262760708427,34.736058309108,0.0287885283673016,47.3646393728453,1.36355826419217,1232.1833952999,8.07232931726907,10.9364266666667
"10",2018-08-22 06:15:00,14.158993,7.784305,1250.9425,18.95,0.903652911399353,26.5253679788201,34.7458301159774,0.0287804319730488,47.1602317072037,1.3572918404824,1226.5207232705,8.0825702811245,16.40464
"11",2018-08-22 06:20:00,14.132973,7.798299,1254.145,18.93625,0.903652911399353,26.5241193522891,34.7592719322233,0.0287693022440139,47.283190945669,1.36030441137737,1229.24304173054,8.09401606425703,21.8728533333333
"12",2018-08-22 06:25:00,14.106946,7.793234,1254.71625,18.9,0.903652911399353,26.5208275187074,34.7947404536209,0.0287399758401111,47.3105995321957,1.35970548753648,1228.70182245801,8.10244979919679,27.3410666666667
"13",2018-08-22 06:30:00,14.089591,7.798337,1259.195,18.87,0.903652911399353,26.5181032426397,34.8241277495575,0.0287157228227406,47.4843539327987,1.36354754595116,1232.17370973021,8.10787148594377,32.80928
"14",2018-08-22 06:35:00,14.063552,7.806002,1259.6275,18.86,0.903652911399353,26.5171951506171,34.8339303722236,0.028707641925971,47.5022902250913,1.36367873844547,1232.29226220965,8.10847389558233,38.2774933333333
"15",2018-08-22 06:40:00,14.037506,7.807312,1264.8125,18.84,0.903652911399353,26.515378966572,34.8535459120601,0.0286914852945846,47.7010908120359,1.36861514556917,1236.75306087883,8.11088353413654,43.7457066666667
"16",2018-08-22 06:45:00,14.011452,7.827751,1261.165,18.80625,0.903652911399353,26.5123141559959,34.8866782875729,0.0286642365821401,47.5690274556731,1.36352985697173,1232.15772503245,8.10787148594377,49.21392
"17",2018-08-22 06:50:00,13.985391,7.822694,1263.85375,18.77,0.903652911399353,26.5090223224142,34.9223085422872,0.0286349912632238,47.6763622071182,1.36521221526313,1233.67799300048,8.11208835341365,54.6821333333333
"18",2018-08-22 06:55:00,13.959323,7.836791,1262.43625,18.75,0.903652911399353,26.507206138369,34.9419859807484,0.0286188655833976,47.6261528057697,1.36300646540267,1231.68476071727,8.11208835341365,60.1503466666667
"19",2018-08-22 07:00:00,13.933247,7.838128,1261.22,18.74,0.903652911399353,26.5062980463465,34.9518298691844,0.0286108053210015,47.5818991318496,1.36135645286488,1230.19372208364,8.11329317269076,65.61856
"20",2018-08-22 07:05:00,13.907164,7.852263,1259.98125,18.71,0.903652911399353,26.5035737702788,34.9813822283603,0.0285866348411263,47.5400510482457,1.3590100796447,1228.073415092,8.11449799196787,87.6799116666667
"21",2018-08-22 07:10:00,13.889771,7.863841,1257.7775,18.67,0.903652911399353,26.4999414021886,35.0208337127141,0.028554431576452,47.4634068396891,1.35529060298921,1224.71229918338,8.11871485943775,109.741263333333
"22",2018-08-22 07:15:00,13.854975,7.880626,1255.42875,18.65,0.903652911399353,26.4981252181435,35.0405801971431,0.0285383402436222,47.3780216398252,1.35209010162703,1221.82015680951,8.12052208835341,131.802615
"23",2018-08-22 07:20:00,13.82887,7.894854,1250.1475,18.63,0.903652911399353,26.4963090340984,35.0603405249475,0.0285222557746819,47.1819489420648,1.34573561567356,1216.07790707721,8.12040977469199,153.863966666667
"24",2018-08-22 07:25:00,13.802757,7.915564,1247.4275,18.61,0.903652911399353,26.4944928500533,35.0801147075464,0.0285061781677949,47.0825203962148,1.34214271500334,1212.8311719262,8.12172690763052,175.925318333333
"25",2018-08-22 07:30:00,13.785344,7.940189,1245.06375,18.57,0.903652911399353,26.4908604819631,35.1197046828573,0.0284740435328353,46.999747359952,1.33827285235954,1209.33415928141,8.12473895582329,197.98667
"26",2018-08-22 07:35:00,13.759218,7.967525,1240.12625,18.54,0.903652911399353,26.4881362058954,35.149433618263,0.0284499605558486,46.8181770268906,1.33197528971177,1203.64334846004,8.12232931726908,220.048021666667
"27",2018-08-22 07:40:00,13.750508,7.983168,1238.86125,18.54,0.903652911399353,26.4881362058954,35.149433618263,0.0284499605558486,46.7704197973835,1.33061659841604,1202.41556311496,8.1259437751004,242.109373333333
"28",2018-08-22 07:45:00,13.724372,8.0172,1229.025,18.526875,0.903652911399353,26.4869443351158,35.1624498642086,0.0284394291029729,46.4011621895768,1.31962256238602,1192.4807704484,8.12714859437751,264.170725
"29",2018-08-22 07:50:00,13.706944,8.029049,1232.43875,18.495625,0.903652911399353,26.4841065475453,35.1934650502328,0.0284143660924739,46.5350321630627,1.32226344000631,1194.86720719863,8.12714859437751,286.232076666667
"30",2018-08-22 07:55:00,13.689512,8.05405,1228.1375,18.469375,0.903652911399353,26.4817228059861,35.2195440900666,0.0283933260874335,46.3767976501281,1.316791538571,1189.92250753572,8.12654618473895,308.293428333333
"31",2018-08-22 08:00:00,13.672077,8.079134,1219.714375,18.46,0.903652911399353,26.480871469715,35.2288638540688,0.0283858146587519,46.0602052464525,1.30745644926987,1181.48682691058,8.12654618473895,330.35478
"32",2018-08-22 08:05:00,13.663358,8.108236,1215.606875,18.46,0.903652911399353,26.480871469715,35.2288638540688,0.0283858146587519,45.9050932817765,1.30305346978923,1177.50806168406,8.12835341365462,359.975443333333
"33",2018-08-22 08:10:00,13.645918,8.153447,1212.016875,18.44,0.903652911399353,26.4790552856699,35.2487562649847,0.0283697953051858,45.772663032126,1.29856108079466,1173.44850128998,8.13377510040161,389.596106666667
"34",2018-08-22 08:15:00,13.637197,8.189519,1201.165,18.42,0.903652911399353,26.4772391016247,35.2686626397132,0.0283537827962317,45.3659460259318,1.28629617996484,1162.3652879471,8.13919678714859,419.21677
"35",2018-08-22 08:20:00,13.637197,8.223039,1192.36,18.42,0.903652911399353,26.4772391016247,35.2686626397132,0.0283537827962317,45.0333962473766,1.27686713577475,1153.84470471301,8.14341365461847,448.837433333333
"36",2018-08-22 08:25:00,13.637197,8.243223,1183.315,18.43,0.903652911399353,26.4781471936473,35.2587077061518,0.028361788195247,44.6902493345117,1.2674953860182,1145.37589576059,8.14943775100401,478.458096666667
"37",2018-08-22 08:30:00,13.637197,8.290524,1175.05125,18.43375,0.903652911399353,26.4784877281558,35.2549755065267,0.0283647906609628,44.3775816075219,1.25876081233715,1137.48287282388,8.15184738955823,508.07876
"38",2018-08-22 08:35:00,13.637197,8.324491,1169.03875,18.42,0.903652911399353,26.4772391016247,35.2686626397132,0.0283537827962317,44.1525925536648,1.25189301915713,1131.27677152187,8.1614859437751,537.699423333333
"39",2018-08-22 08:40:00,13.637197,8.365449,1163.23625,18.41,0.903652911399353,26.4763310096022,35.2786210671107,0.0283457791079106,43.9349489012707,1.24537035667276,1125.38254857779,8.15907630522088,567.320086666667
"40",2018-08-22 08:45:00,13.645918,8.417616,1154.84125,18.43,0.903652894975989,26.4781476748722,35.2587077061518,0.028361788195247,43.614880624597,1.2369960064358,1117.81502228945,8.1614859437751,596.94075
"41",2018-08-22 08:50:00,13.654639,8.456277,1146.04,18.45,0.90361507196836,26.481072242272,35.2388083147705,0.0283778041262776,43.2777037695084,1.22812620060618,1109.75334514698,8.16329317269076,626.561413333333
"42",2018-08-22 08:55:00,13.663358,8.502098,1131.79,18.45,0.90357565589441,26.4822274083005,35.2388083147705,0.0283778041262776,42.7377192465788,1.21280262558326,1095.85892788186,8.16449799196787,656.182076666667
"43",2018-08-22 09:00:00,13.680795,8.53837,1121.565,18.45,0.903536272667187,26.483381712351,35.2388083147705,0.0283778041262776,42.34976530497,1.20179334461827,1085.86387911262,8.16871485943775,685.80274
"44",2018-08-22 09:05:00,13.706944,8.593111,1112.58125,18.48,0.903534663177501,26.4861535204861,35.208985395444,0.0284018408587656,42.0061466886635,1.19305189334138,1077.96374060348,8.17654618473895,713.406295
"45",2018-08-22 09:10:00,13.733085,8.626986,1100.66875,18.51,0.903534663177501,26.4888781530878,35.1791938428758,0.0284258929998906,41.5521089129891,1.18115580188043,1067.21520961219,8.18738955823293,741.00985
"46",2018-08-22 09:15:00,13.759218,8.689521,1092.43125,18.53,0.903534663177501,26.4906945748222,35.1593502146431,0.0284419363240542,41.2383015067597,1.17289714556741,1059.7532273621,8.19461847389558,768.613405
"47",2018-08-22 09:20:00,13.802757,8.718112,1081.025,18.55,0.903534663177501,26.4925109965566,35.1395204984611,0.0284579865010905,40.8049278583109,1.16122608616978,1049.20802064034,8.19823293172691,796.21696
"48",2018-08-22 09:25:00,13.82887,8.781426,1066.46375,18.57,0.903534663177501,26.494327418291,35.1197046828573,0.0284740435328353,40.252531538647,1.14615233533826,1035.58836425996,8.19823293172691,823.820515
"49",2018-08-22 09:30:00,13.863676,8.827822,1051.94625,18.63,0.903534663177501,26.4997766834943,35.0603405249475,0.0285222557746819,39.6964194288934,1.13223142828995,1023.01034219894,8.19943775100401,851.42407
"50",2018-08-22 09:35:00,13.907164,8.893563,1041.145,18.67,0.903534663177501,26.5034095269631,35.0208337127141,0.028554431576452,39.2834363043289,1.12171619403987,1013.50946356256,8.20184738955823,879.027625
"51",2018-08-22 09:40:00,13.950632,8.930392,1028.23625,18.6925,0.903534663177501,26.5054530014144,34.9986354506871,0.0285725425326652,38.7933852685005,1.1084256505703,1001.50099684534,8.21389558232932,906.63118
"52",2018-08-22 09:45:00,14.002766,8.971897,1016.7025,18.73,0.903534613907408,26.5088602377047,34.961677205651,0.028602746776644,38.3533087006848,1.09700997681214,991.186485851536,8.22714859437751,934.234735
"53",2018-08-22 09:50:00,14.054871,9.036031,1001.93625,18.79,0.903496823746508,26.5154185054683,34.9026448789124,0.0286511238179598,37.7869295102157,1.08263799609771,978.159990741563,8.23497991967871,961.83829
"54",2018-08-22 09:55:00,14.115623,9.090259,988.834375,18.85,0.903457407672557,26.5220250523248,34.8437364259201,0.0286995627499955,37.2835171164022,1.07002063902272,966.718072687596,8.23497991967871,989.441845
"55",2018-08-22 10:00:00,14.167665,9.125218,975.82875,18.895625,0.903418024445334,26.527325489453,34.7990241799502,0.0287364379767913,36.7857947228031,1.05709270847881,954.996606349492,8.23558232931727,1017.0454
"56",2018-08-22 10:05:00,14.228344,9.172587,969.641875,18.941875,0.903416414955648,26.531573774511,34.7537722260162,0.0287738549213202,36.5467153679191,1.05158988584729,950.023564675777,8.23678714859438,1037.80840333333
"57",2018-08-22 10:10:00,14.288984,9.227952,955.190625,18.99,0.903416414955648,26.5359451113991,34.706763384497,0.0288128278895256,35.9961034359269,1.03714953299292,936.97791286939,8.24281124497992,1058.57140666667
"58",2018-08-22 10:15:00,14.35824,9.257698,940.239375,19.058125,0.903416414955648,26.5421331077731,34.6403534998276,0.0288680656796698,35.424408851474,1.02263416138783,923.864487892166,8.26088353413654,1079.33441
"59",2018-08-22 10:20:00,14.418798,9.313804,925.530625,19.13,0.903416414955648,26.5486617278008,34.5704592385625,0.0289264308900046,34.8616677740414,1.00842362357611,911.026454767713,8.2681124497992,1100.09741333333
"60",2018-08-22 10:25:00,14.487961,9.351795,916.698125,19.200625,0.903416414955648,26.5550768066106,34.501951276019,0.0289838679557542,34.5206354203351,1.00054153877172,903.905649971359,8.27172690763052,1120.86041666667
"61",2018-08-22 10:30:00,14.557074,9.397866,907.015,19.265,0.903416414955648,26.560924179331,34.4396529923926,0.0290362972072015,34.1484729174377,0.991545208802792,895.778217803067,8.27172690763052,1141.62342
"62",2018-08-22 10:35:00,14.63477,9.433399,893.315,19.32875,0.903416414955648,26.5667147814425,34.3780973559523,0.0290882880936068,33.6253468804507,0.97810377730601,883.635007948373,8.27293172690763,1162.38642333333
"63",2018-08-22 10:40:00,14.712404,9.47709,881.8875,19.3925,0.903416414955648,26.572505383554,34.3166784969989,0.029140349351918,33.187969567439,0.967109027475995,873.702170473607,8.28317269076305,1183.14942666667
"64",2018-08-22 10:45:00,14.789979,9.505241,870.8925,19.46625,0.903416349262191,26.5792062481605,34.2457954811293,0.0292006649561123,32.7659333340804,0.956787041262792,864.377055839005,8.30004016064257,1203.91243
"65",2018-08-22 10:50:00,14.876103,9.546491,859.56125,19.55875,0.903265582779329,26.5920461079586,34.1571486154683,0.0292764484312705,32.3239981801456,0.946331865813512,854.789004276692,8.30666666666666,1224.67543333333
"66",2018-08-22 10:55:00,14.953553,9.583103,848.88875,19.645,0.903107918483525,26.604525559188,34.0747484234856,0.0293472452847447,31.9076823268827,0.936402579714739,845.672584628781,8.30726907630522,1245.43843666667
"67",2018-08-22 11:00:00,15.048136,9.605845,838.0775,19.71875,0.902950319881178,26.6158714337269,34.0044863289324,0.0294078843105228,31.487885042081,0.92599208050056,836.124845295418,8.30787148594377,1266.20144
"68",2018-08-22 11:05:00,15.125458,9.651033,827.5375,19.7925,0.902943422068236,26.6227772000795,33.93440438318,0.0294686180051435,31.0838157034019,0.915997091105831,827.093548047649,8.30847389558233,1282.90908666667
"69",2018-08-22 11:10:00,15.211305,9.669156,815.87,19.87,0.902943422068236,26.6298204431494,33.860952475084,0.0295325419666157,30.6374577981762,0.904802008175058,816.985021555799,8.32413654618474,1299.61673333333
"70",2018-08-22 11:15:00,15.305658,9.692517,808.61375,19.96,0.902943422068236,26.6379996931661,33.7759015530214,0.0296069077069697,30.3556482961988,0.89873687749079,811.508551700455,8.34100401606426,1316.32438
"71",2018-08-22 11:20:00,15.399929,9.732429,800.3575,20.05875,0.902943422068236,26.6469741480455,33.6828873962131,0.0296886661834231,30.0355866130754,0.891716504578886,805.169552159186,8.34401606425703,1333.03202666667
"72",2018-08-22 11:25:00,15.494119,9.764466,786.97125,20.16,0.902943422068236,26.6561758043142,33.5878491583162,0.0297726715183966,29.5230364541875,0.878979666576172,793.668908066687,8.34401606425703,1349.73967333333
"73",2018-08-22 11:30:00,15.588229,9.763813,776.7075,20.24875,0.902943422068236,26.6642414536362,33.5048183404133,0.02984645342171,29.1291804175468,0.869402726544897,785.021473061905,8.34461847389558,1366.44732
"74",2018-08-22 11:35:00,15.673716,9.807559,770.72625,20.33125,0.902943422068236,26.6717390994848,33.4278637356651,0.0299151632275285,28.8967377464669,0.864450626428641,780.550006836508,8.34883534136546,1383.15496666667
"75",2018-08-22 11:40:00,15.767678,9.823703,759.765,20.41,0.902943422068236,26.6788959432494,33.3546121700627,0.0299808612644445,28.4781274913381,0.85379878938897,770.932000648594,8.36510040160642,1399.86261333333
"76",2018-08-22 11:45:00,15.861563,9.823395,755.67375,20.49125,0.902943323528052,26.6862829007356,33.2792444396646,0.0300487591241142,28.316935438737,0.850888772131701,768.304335861301,8.37775100401606,1416.57026
"77",2018-08-22 11:50:00,15.946849,9.851177,747.125,20.59375,0.902829509614518,26.6989635011952,33.1844672756828,0.0301345804858766,27.9832960544163,0.84326488721192,761.324424596679,8.37955823293172,1433.27790666667
"78",2018-08-22 11:55:00,16.057629,9.878407,742.12,20.70125,0.902711261392665,26.7122330320758,33.085427535843,0.0302247869977395,27.7820277738993,0.839705871831387,758.011946759739,8.38016064257028,1449.98555333333
"79",2018-08-22 12:00:00,16.159797,9.908957,730.3175,20.80375,0.90259316098109,26.725047084093,32.9913367624134,0.0303109876147633,27.3270800123189,0.828310783801044,747.627648625709,8.38016064257028,1466.6932
"80",2018-08-22 12:05:00,16.26188,9.922935,720.23875,20.9025,0.902588677402678,26.7341578219629,32.9010032020277,0.0303942099837967,26.9407682410067,0.81884336704196,739.078751658358,8.38558232931727,1474.57489666667
"81",2018-08-22 12:10:00,16.372377,9.925619,718.005,21.00125,0.902588677402678,26.7431358040747,32.8109773870687,0.0304776047419458,26.8481978052327,0.818268760741459,738.560118517562,8.40606425702811,1482.45659333333
"82",2018-08-22 12:15:00,16.465799,9.9514,708.32625,21.09625,0.902588677402678,26.7517728501569,32.7246595618066,0.0305579955113456,26.4777311757058,0.809106390417834,730.290266805288,8.41510040160643,1490.33829
"83",2018-08-22 12:20:00,16.57612,9.962864,700.18875,21.2025,0.902588677402678,26.7614327043278,32.6284545953058,0.0306480957312599,26.1640980786043,0.801879782635137,723.767612444595,8.41570281124498,1498.21998666667
"84",2018-08-22 12:25:00,16.677872,9.969034,693.04875,21.31625,0.902588677402678,26.7717744305578,32.525848740364,0.0307447780373834,25.887292297254,0.795899055667939,718.369476001366,8.41630522088353,1506.10168333333
"85",2018-08-22 12:30:00,16.788017,9.980835,685.73,21.433125,0.902588677402678,26.7824002701458,32.4208422532771,0.030844355991366,25.603754446325,0.789731316857967,712.802544786308,8.41630522088353,1513.98338
"86",2018-08-22 12:35:00,16.898073,9.984295,676.73625,21.531875,0.902588677402678,26.7913782522575,32.3324490974908,0.0309286808736554,25.259478763209,0.781242357702169,705.14050636935,8.41690763052209,1521.86507666667
"87",2018-08-22 12:40:00,17.008042,9.996439,668.736875,21.626875,0.902588677402678,26.8000152983397,32.2476957653407,0.0310099675733975,24.9528542262223,0.773787200418869,698.411565817187,8.42052208835341,1529.74677333333
"88",2018-08-22 12:45:00,17.109477,9.994659,662,21.734375,0.90258844747558,26.8097956274304,32.1521241618243,0.0311021441372557,24.6924672309951,0.767988674922871,693.177705777462,8.43799196787148,1537.62847
"89",2018-08-22 12:50:00,17.21084,10.010109,659.133125,21.843125,0.902323801385728,26.8275488248501,32.0558000175365,0.031195602650782,24.5692638303746,0.766452991874597,691.588777211751,8.45124497991968,1545.51016666667
"90",2018-08-22 12:55:00,17.303695,10.020132,651.185625,21.950625,0.902047888868071,26.8455340191386,31.9609361346836,0.0312881949322758,24.2567581086582,0.758950176128759,684.609404132998,8.45244979919678,1553.39186333333
"91",2018-08-22 13:00:00,17.345883,9.996676,648.918125,22.034375,0.901772206277512,26.8613621531884,31.8872728477184,0.0313604742799933,24.1580498151682,0.757607899883379,683.189747371108,8.45244979919678,1561.27356
"92",2018-08-22 13:05:00,17.404926,10.010138,645.714375,22.109375,0.901760939849708,26.8685227334621,31.8214851887307,0.0314253088461798,24.0323735474979,0.755224761036885,681.032190310392,8.45244979919678,1563.29419166667
"93",2018-08-22 13:10:00,17.472377,10.020703,639.24875,22.1825,0.901760939849708,26.875177088552,31.757504977971,0.0314886197984906,23.7858432669566,0.748983375219683,675.403952369908,8.45425702811245,1565.31482333333
"94",2018-08-22 13:15:00,17.590344,10.030766,638.35875,22.26125,0.901760939849708,26.8823433171104,31.6887823781974,0.0315569083111259,23.7463952628597,0.749362818029821,675.746119074997,8.47052208835341,1567.335455
"95",2018-08-22 13:20:00,17.632454,10.024568,630.0275,22.33625,0.901760939849708,26.8891682966898,31.6235044970027,0.0316220487231193,23.4305313220699,0.740921403075067,668.133980791737,8.48618473895582,1569.35608666667
"96",2018-08-22 13:25:00,17.733474,10.023543,629.35375,22.42,0.901760939849708,26.8967895238869,31.5508087888036,0.0316949085740987,23.3988428039367,0.741624183410482,668.767720647508,8.48738955823293,1571.37671833333
"97",2018-08-22 13:30:00,17.800785,10.025796,627.0425,22.50125,0.901760939849708,26.9041832517646,31.4804820359425,0.0317657143514594,23.3065056884369,0.740347802229551,667.616729954185,8.48678714859438,1573.39735
"98",2018-08-22 13:35:00,17.868069,10.019486,623.83875,22.59125,0.901760939849708,26.9123732272599,31.4028095549526,0.0318442844500928,23.180369294526,0.738162273473083,665.645905488685,8.48738955823293,1575.41798166667
"99",2018-08-22 13:40:00,17.960541,10.030291,618.69125,22.67625,0.901760939849708,26.9201082041166,31.3296714293142,0.0319186239235287,22.9824949182556,0.733569612120209,661.504422870706,8.48859437751004,1577.43861333333
"100",2018-08-22 13:45:00,18.019361,10.018398,611.225,22.765,0.901760857732887,26.9281868821067,31.2535330721264,0.0319963825431262,22.698334747749,0.726264601680909,654.91699015281,8.48859437751004,1579.459245
"101",2018-08-22 13:50:00,18.111753,10.03802,608.505,22.8475,0.901572399629309,26.9413248009665,31.1829633331152,0.0320687931200572,22.5863057772931,0.724315567318366,653.022924116084,8.48859437751004,1581.47987666667
"102",2018-08-22 13:55:00,18.212489,10.011633,601.1475,22.92,0.901375319259555,26.9538156646643,31.1211114232724,0.0321325285077125,22.3028719747493,0.716647669532494,645.968521921468,8.48859437751004,1583.50050833333
"103",2018-08-22 14:00:00,18.254445,10.005714,599.90875,22.9975,0.901178321006621,26.9667648272483,31.0551629104617,0.0322007649060867,22.2462261915018,0.716345499640178,645.555034626384,8.48859437751004,1585.52114
"104",2018-08-22 14:05:00,18.380259,10.022617,594.555,23.0825,0.901169698740444,26.9747628931335,30.9830325075683,0.0322757302648063,22.0411575944323,0.711394457241985,641.087128718381,8.49220883534137,1583.29263166667
"105",2018-08-22 14:10:00,18.48923,10.036886,592.77625,23.18375,0.901169698740444,26.983982660522,30.8973848648734,0.0323651986850473,21.9677079346497,0.710989231960027,640.721951973117,8.49642570281124,1581.06412333333
"106",2018-08-22 14:15:00,18.640013,10.036882,580.34625,23.29875,0.901169698740444,26.9944544950868,30.8004638372877,0.0324670435251491,21.4987211579188,0.697999915569195,629.016373634347,8.49763052208835,1578.835615
"107",2018-08-22 14:20:00,18.732102,10.031213,579.835,23.39875,0.901169698740444,27.0035604381866,30.7164926881973,0.0325558002390112,21.4725388278812,0.699055684704913,629.967800788321,8.50064257028112,1576.60710666667
"108",2018-08-22 14:25:00,18.807418,10.022696,574.57375,23.48375,0.901169698740444,27.0113004898214,30.6453415829598,0.0326313869693019,21.2716063121994,0.694122017032022,625.521728977856,8.51449799196787,1574.37859833333
"109",2018-08-22 14:30:00,18.874342,9.999766,564.58625,23.55625,0.901169698740444,27.0179022985688,30.5848162435815,0.0326959623375164,20.8967463040203,0.683239230132884,615.714491186504,8.52172690763052,1572.15009
"110",2018-08-22 14:35:00,18.932884,9.979774,564.72875,23.60875,0.901169698740444,27.0226829186962,30.5410806030077,0.0327427838261073,20.8983227793892,0.684269265093754,616.642727481883,8.52473895582329,1569.92158166667
"111",2018-08-22 14:40:00,18.983051,9.979969,558.96375,23.66,0.901169698740444,27.0273497145349,30.4984615053716,0.032788539180046,20.6814118255701,0.678113281941371,611.095141998999,8.52473895582329,1567.69307333333
"112",2018-08-22 14:45:00,19.033206,9.945658,557.375,23.70125,0.901169501660074,27.0311118276044,30.4642122015286,0.0328254016018777,20.6197585787353,0.67685185628075,609.958250022219,8.52413654618474,1565.464565
"113",2018-08-22 14:50:00,19.091706,9.93445,556.47625,23.75,0.900941873833007,27.0423816537091,30.4237975813691,0.0328690064849886,20.5779304916982,0.676376130779273,609.375578680197,8.52473895582329,1563.23605666667
"114",2018-08-22 14:55:00,19.141838,9.926106,551.74625,23.80875,0.900705377389302,27.05483461821,30.37518160772,0.0329216138660335,20.3936286355501,0.671391167266864,604.725634688944,8.52473895582329,1561.00754833333
"115",2018-08-22 15:00:00,19.183605,9.894848,549.41375,23.865,0.900469176566151,27.0670574121639,30.3287251789787,0.0329720419865559,20.2982445277961,0.669274570823871,602.661121686435,8.52473895582329,1558.77904
"116",2018-08-22 15:05:00,19.233717,9.903725,549.665,23.92,0.900460209409327,27.0723391719784,30.2833867891484,0.0330214056625376,20.3035650709097,0.670452258602236,603.715581179925,8.52473895582329,1544.23472
"117",2018-08-22 15:10:00,19.275469,9.889693,546.01,23.97,0.900460209409327,27.0768957308992,30.2422434229657,0.0330663299681204,20.165162411026,0.666787914143724,600.415984801466,8.52473895582329,1529.6904
"118",2018-08-22 15:15:00,19.317213,9.858587,541.05125,24.01,0.900460209409327,27.0805409780358,30.2093789313037,0.0331023025092308,19.9793368396455,0.661362051999764,595.53021183909,8.52473895582329,1515.14608
"119",2018-08-22 15:20:00,19.367297,9.858939,541.66,24.05375,0.900460209409327,27.0845279670915,30.1734843971853,0.0331416811806224,19.9988717048395,0.66279623001396,596.821632074083,8.52473895582329,1500.60176
"120",2018-08-22 15:25:00,19.417371,9.876439,540.4625,24.09625,0.900460209409327,27.0884010421742,30.1386663608233,0.0331799684839367,19.9518051714661,0.662000266786892,596.104898859955,8.52473895582329,1486.05744
"121",2018-08-22 15:30:00,19.459092,9.845407,534.685,24.14,0.900460209409327,27.0923880312299,30.1028766117162,0.0332194166324555,19.7356172288563,0.655605691224044,590.346838009549,8.52654618473895,1471.51312
"122",2018-08-22 15:35:00,19.500806,9.831529,530.425,24.2,0.900460209409327,27.0978559019348,30.0538797157686,0.0332735743091206,19.5744269184828,0.651311148630587,586.479773286527,8.52473895582329,1456.9688
"123",2018-08-22 15:40:00,19.542513,9.792171,530.145,24.248125,0.900460209409327,27.1022415898961,30.0146520221686,0.0333170612559962,19.5609281336213,0.651712640852,586.841301056297,8.52775100401606,1442.42448
"124",2018-08-22 15:45:00,19.584214,9.803871,525.250625,24.3,0.900459979482229,27.1069759413797,29.9724391514349,0.0333639846576226,19.3769539669745,0.646492394865598,582.140528616094,8.53317269076305,1427.88016
"125",2018-08-22 15:50:00,19.625908,9.7816,526.79,24.33,0.900195333392376,27.1176797906812,29.948060697569,0.0333911437571373,19.4260719968021,0.64865876268172,583.919591130157,8.53799196787148,1413.33584
"126",2018-08-22 15:55:00,19.659258,9.736772,522.86,24.37,0.89991942087472,27.1296414253058,29.915594570215,0.0334273817507754,19.2726469105593,0.644234125627165,579.75880124213,8.55425702811245,1398.79152
"127",2018-08-22 16:00:00,19.684269,9.737008,523.7875,24.4,0.899643738284161,27.1406913213991,29.8912737946994,0.0334545796498418,19.2989741417168,0.645639067584303,580.845144343843,8.55666666666666,1384.2472
"128",2018-08-22 16:05:00,19.717613,9.709227,520.6675,24.42,0.899632471856357,27.1428555147784,29.8750736517515,0.0334727208259576,19.1824879927064,0.642090065327146,577.64507262467,8.55847389558233,1360.89454666667
"129",2018-08-22 16:10:00,19.750952,9.723599,521.449375,24.47,0.899632471856357,27.1474162661167,29.8346212065387,0.0335181061317057,19.208066428437,0.643818009133204,579.199586982143,8.51871485943775,1337.54189333333
"130",2018-08-22 16:15:00,19.767621,9.692899,519.01625,24.51,0.899632471856357,27.1510648671873,29.8023084594547,0.0335544476818122,19.1158708705839,0.641422489019285,577.044499300676,8.52112449799197,1314.18924
"131",2018-08-22 16:20:00,19.809288,9.66256,515.40875,24.55,0.899632471856357,27.1547134682579,29.7700393782843,0.0335908188529118,18.9804525318405,0.637568942743346,573.577723939041,8.52232931726907,1290.83658666667
"132",2018-08-22 16:25:00,19.834285,9.662817,514.17,24.58,0.899632471856357,27.1574499190609,29.7458661813164,0.0336181166789524,18.9329263805112,0.636489328134041,572.606467579419,8.52353413654618,1267.48393333333
"133",2018-08-22 16:30:00,19.85928,9.646341,507.67,24.61,0.899632471856357,27.1601863698639,29.7217174780018,0.0336454311814295,18.6916979540058,0.628890237175568,565.770078596586,8.52473895582329,1244.13128
"134",2018-08-22 16:35:00,19.892603,9.64391,507.4975,24.63,0.899632471856357,27.1620106703992,29.7056319355946,0.0336636501175306,18.6840917691364,0.62897472808004,565.846089357827,8.52353413654618,1220.77862666667
"135",2018-08-22 16:40:00,19.909264,9.621824,501.07375,24.64,0.899632471856357,27.1629228206669,29.697593239084,0.0336727623666128,18.4469746981263,0.621160595392926,558.816241853104,8.52473895582329,1197.42597333333
"136",2018-08-22 16:45:00,19.917593,9.585857,503.83625,24.66,0.899632356892808,27.1647505925711,29.6815239900407,0.0336909924280012,18.5474277881936,0.624881249170929,562.163390969765,8.52413654618474,1174.07332
"137",2018-08-22 16:50:00,19.917593,9.544451,508.49375,24.675,0.899368515547799,27.174088349217,29.6694791749835,0.0337046698427782,18.7124492812894,0.630696924975591,567.228957175859,8.52473895582329,1150.72066666667
"138",2018-08-22 16:55:00,19.934252,9.539116,503.10875,24.7,0.899092603030142,27.184709247553,29.6494180376126,0.0337274748101774,18.507049143639,0.624196033802799,561.21003683285,8.52473895582329,1127.36801333333
"139",2018-08-22 17:00:00,19.934252,9.522622,501.2425,24.71,0.898816805476035,27.1939637210663,29.6413983235539,0.033736600044451,18.4321235823266,0.621837181266846,558.917708792489,8.52473895582329,1104.01536
"140",2018-08-22 17:05:00,19.934252,9.497944,499.255,24.7075,0.898804734303387,27.1941006952347,29.6434029982019,0.0337343185618958,18.3589450372038,0.619326500345369,556.653590589966,8.52473895582329,1077.077715
"141",2018-08-22 17:10:00,19.925923,9.47599,499.80625,24.7,0.898804734303387,27.1934159525131,29.6494180376126,0.0337274748101774,18.3796787749209,0.619900152900298,557.169192222181,8.52473895582329,1050.14007
"142",2018-08-22 17:15:00,19.917593,9.437782,497.1875,24.67,0.898804734303387,27.1906769816265,29.6734934353464,0.033700110240772,18.285219611706,0.61621391669122,553.855985665701,8.52473895582329,1023.202425
"143",2018-08-22 17:20:00,19.900933,9.418635,494.02875,24.67,0.898804734303387,27.1906769816265,29.6734934353464,0.033700110240772,18.1690492786858,0.612298963661732,550.337207348223,8.52473895582329,996.26478
"144",2018-08-22 17:25:00,19.884273,9.391436,494.82,24.67,0.898804734303387,27.1906769816265,29.6734934353464,0.033700110240772,18.1981493264903,0.613279638480753,551.218642518371,8.52473895582329,969.327135
"145",2018-08-22 17:30:00,19.867611,9.372415,494.99875,24.66,0.898804734303387,27.1897639913309,29.6815239900407,0.0336909924280012,18.2053345574395,0.613355788723922,551.287086717449,8.52473895582329,942.38949
"146",2018-08-22 17:35:00,19.867611,9.364338,497.98,24.64,0.898804734303387,27.1879380107399,29.697593239084,0.0336727623666128,18.3162106594213,0.616757408991514,554.344479118264,8.52473895582329,915.451845
"147",2018-08-22 17:40:00,19.850948,9.321269,496.4925,24.63,0.898804734303387,27.1870250204443,29.7056319355946,0.0336636501175306,18.2621121519049,0.614769353888833,552.557605779917,8.52473895582329,888.5142
"148",2018-08-22 17:45:00,19.85928,9.310635,493.3675,24.62,0.898804537223017,27.1861179912324,29.7136733482065,0.033654539722547,18.1477730715033,0.610754949710677,548.949319931373,8.52473895582329,861.576555
"149",2018-08-22 17:50:00,19.85928,9.294616,499.655,24.62,0.898576909395951,27.1930047884559,29.7136733482065,0.033654539722547,18.3743945873946,0.618381792519224,555.663599948652,8.52473895582329,834.63891
"150",2018-08-22 17:55:00,19.850948,9.26527,492.16375,24.63,0.898340412952245,27.2010770613066,29.7056319355946,0.0336636501175306,18.0935390496026,0.6090945679537,547.174265702496,8.52473895582329,807.701265
"151",2018-08-22 18:00:00,19.850948,9.249343,495.07875,24.64,0.898104212129094,27.2091446292955,29.697593239084,0.0336727623666128,18.1953073771735,0.612686261499038,550.256112165914,8.52473895582329,780.76362
"152",2018-08-22 18:05:00,19.842617,9.243982,497.50375,24.63,0.89809524497227,27.2085025912307,29.7056319355946,0.0336636501175306,18.2848632824191,0.61553523998624,552.809272144507,8.52473895582329,755.975208333333
"153",2018-08-22 18:10:00,19.834285,9.199009,497.65,24.615,0.89809524497227,27.2071320239029,29.7176950733886,0.0336499852202695,18.29115981658,0.615497257489504,552.775160244796,8.52473895582329,731.186796666667
"154",2018-08-22 18:15:00,19.81762,9.188372,494.1025,24.59,0.89809524497227,27.2048477450233,29.7378138934735,0.0336272196598644,18.1622960963047,0.610747520357936,548.509443912067,8.52353413654618,706.398385
"155",2018-08-22 18:20:00,19.800955,9.146296,496.47375,24.57,0.89809524497227,27.2030203219196,29.7539211906761,0.0336090155509777,18.2506848182572,0.6133875498728,550.880441865953,8.52293172690763,681.609973333333
"156",2018-08-22 18:25:00,19.775955,9.130476,500.09,24.55,0.89809524497227,27.2011928988159,29.7700393782843,0.0335908188529118,18.3848554679295,0.617562349660186,554.629809703715,8.52353413654618,656.821561666667
"157",2018-08-22 18:30:00,19.734283,9.073057,496.985,24.53,0.89809524497227,27.1993654757121,29.7861684649804,0.0335726295638091,18.2719336024139,0.613436858248357,550.924725483578,8.52112449799197,632.03315
"158",2018-08-22 18:35:00,19.692605,9.078055,501.3775,24.496875,0.89809524497227,27.1963388061966,29.8129062629223,0.0335425198463015,18.4354777888619,0.618372379608951,555.357293748986,8.5114859437751,607.244738333333
"159",2018-08-22 18:40:00,19.659258,9.018559,502.84125,24.463125,0.89809524497227,27.1932550297091,29.8401793625294,0.0335118629097689,18.4913960999019,0.619681131110148,556.532677249062,8.49522088353414,582.456326666667
"160",2018-08-22 18:45:00,19.625908,8.990225,506.584375,24.414375,0.898095080738629,27.1888056578793,29.8796288342378,0.0334676178726203,18.6320937143921,0.623571792600124,560.02675942154,8.48859437751004,557.667915
"161",2018-08-22 18:50:00,19.584214,8.96455,504.191875,24.37,0.897906047817306,27.1904741697068,29.915594570215,0.0334273817507754,18.5429600033134,0.619842602820116,556.560421767002,8.48859437751004,532.879503333333
"162",2018-08-22 18:55:00,19.542513,8.916142,507.0625,24.32,0.897708967447551,27.1918729623542,29.9561840986154,0.0333820888771418,18.6475753509882,0.622495017709887,558.819359589588,8.48859437751004,508.091091666667
"163",2018-08-22 19:00:00,19.492463,8.893297,509.760625,24.276875,0.897512051311438,27.1938959781508,29.9912477795619,0.0333430608606245,18.7454061532622,0.625029218225346,560.971255779014,8.48859437751004,483.30268
"164",2018-08-22 19:05:00,19.450748,8.860495,507.96625,24.240625,0.897504003863006,27.1908254252479,30.0207612245533,0.0333102812590283,18.6815310699737,0.622287054290101,558.505122777481,8.48859437751004,457.34276
"165",2018-08-22 19:10:00,19.400681,8.822865,512.209375,24.2,0.897504003863006,27.1871110267765,30.0538797157686,0.0332735743091206,18.8401546047142,0.626879284235279,562.626667539938,8.48859437751004,431.38284
"166",2018-08-22 19:15:00,19.350603,8.792937,514.185,24.16,0.897504003863006,27.183453772897,30.0865332460273,0.0332374618179728,18.9153668365961,0.628698783004313,564.25967497017,8.48859437751004,405.42292
"167",2018-08-22 19:20:00,19.300516,8.763169,516.2925,24.0975,0.897504003863006,27.1777393137103,30.137643060014,0.033181095084598,18.9968891098881,0.630337583866761,565.730505305751,8.48859437751004,379.463
"168",2018-08-22 19:25:00,19.250418,8.703977,521.40125,24.03875,0.897504003863006,27.1723677220747,30.1857850971077,0.0331281759537809,19.1886572172514,0.635685212609893,570.530023513885,8.48859437751004,353.50308
"169",2018-08-22 19:30:00,19.191958,8.691844,523.385,23.98,0.897504003863006,27.1669961304392,30.2340231199545,0.0330753203446483,19.2654718794462,0.637211654003496,571.900010776306,8.48859437751004,327.54316
"170",2018-08-22 19:35:00,19.150192,8.638162,532.90875,23.93,0.897504003863006,27.1624245630898,30.2751525320419,0.0330303868474864,19.6193365861806,0.648034277132589,581.613358366968,8.48196787148594,301.58324
"171",2018-08-22 19:40:00,19.108418,8.592167,536.29625,23.89125,0.897504003863006,27.1588815983941,30.3070758466136,0.0329955949911194,19.7466249873747,0.651551640524934,584.770206094639,8.45967871485944,275.62332
"172",2018-08-22 19:45:00,19.049922,8.565852,533.71,23.85625,0.897503938169549,27.1556834889295,30.3359459100936,0.0329641937971439,19.6537126461051,0.647868792499586,581.464792685529,8.45244979919678,249.6634
"173",2018-08-22 19:50:00,18.999771,8.515638,540.94875,23.8075,0.897353171686687,27.1557879538072,30.3762149806969,0.0329204939007531,19.9202008396947,0.655782850244946,588.468820605038,8.45244979919678,223.70348
"174",2018-08-22 19:55:00,18.941246,8.482538,545.145,23.75,0.897195507390883,27.155300934187,30.4237975813691,0.0328690064849886,20.075085940723,0.659848129972329,592.012777771449,8.45244979919678,197.74356
"175",2018-08-22 20:00:00,18.89107,8.43299,547.57625,23.68625,0.89703744893434,27.1542539321376,30.4766609402814,0.0328119934778776,20.1653947616632,0.661666801398521,593.539899571074,8.45244979919678,171.78364
"176",2018-08-22 20:05:00,18.832517,8.386241,557.26875,23.625,0.897031010975595,27.1488456943241,30.5275591923031,0.0327572864145696,20.5264251848654,0.672389988847871,603.154671466075,8.45244979919678,157.468336666667
"177",2018-08-22 20:10:00,18.773947,8.33985,565.02,23.5575,0.897031010975595,27.142670824189,30.5837740113218,0.03269707654882,20.8166692091504,0.680644226623056,610.558978722382,8.44341365461847,143.153033333333
"178",2018-08-22 20:15:00,18.715362,8.321712,572.87125,23.51,0.897031010975595,27.1383255452049,30.6234099983336,0.0326547566079158,21.109307169514,0.689319287782213,618.340777604256,8.4181124497992,128.83773
"179",2018-08-22 20:20:00,18.656759,8.255045,578.95,23.46,0.897031010975595,27.133751567327,30.6652013274059,0.0326102538614767,21.3368946997045,0.695801552772963,624.155570322319,8.41630522088353,114.522426666667
"180",2018-08-22 20:25:00,18.59814,8.216537,585.43,23.41,0.897031010975595,27.1291775894491,30.7070638093969,0.0325657967888803,21.579349321215,0.70274870483095,630.387381156296,8.41630522088353,100.207123333333
"181",2018-08-22 20:30:00,18.547881,8.155413,593.115,23.35875,0.897031010975595,27.1244892621243,30.750046846279,0.0325202756600355,21.8664025069112,0.711101437218044,637.8800411339,8.41630522088353,85.89182
"182",2018-08-22 20:35:00,18.48923,8.12433,599.7025,23.29,0.897031010975595,27.1182000425421,30.807824925377,0.0324592859905628,22.1143917759736,0.717817367163675,643.904438562671,8.41510040160643,71.5765166666667
"183",2018-08-22 20:40:00,18.422178,8.089031,611.38,23.22375,0.897031010975595,27.1121395218539,30.8636301249154,0.0324005956510192,22.5500462443103,0.730634930273685,655.402190157486,8.38919678714859,57.2612133333333
"184",2018-08-22 20:45:00,18.363489,8.031489,619.4125,23.1575,0.897031060245687,27.1060775123443,30.919561432106,0.0323419852573209,22.8514250989622,0.739060453659409,662.960182331758,8.38016064257028,42.94591
"185",2018-08-22 20:50:00,18.304781,8.0011,631.07875,23.0925,0.897068981793501,27.0989857451073,30.9745603170825,0.0322845583525039,23.2879103275642,0.751839899878124,674.452253455397,8.38016064257028,28.6306066666667
"186",2018-08-22 20:55:00,18.246055,7.931164,643.6175,23.04,0.897108397867452,27.0929928398587,31.0190715679547,0.0322382311736591,23.7558657252927,0.76584709098239,687.04785680266,8.38016064257028,14.3153033333333
"187",2018-08-22 21:00:00,18.18731,7.901307,654.1775,22.9875,0.89714776467131,27.0870019487851,31.0636625988219,0.0321919540819995,24.1509747456322,0.777467070046923,697.50284399815,8.37473895582329,0
"188",2018-08-22 21:05:00,18.128546,7.858548,662.04625,22.9375,0.897149259197448,27.0823834505922,31.1062045733559,0.0321479271970246,24.4456419874494,0.78587671889705,705.048716179009,8.3470281124498,0
"189",2018-08-22 21:10:00,18.069763,7.829093,675.165,22.88375,0.897149259197448,27.0774670724591,31.1520182404814,0.0321006488979427,24.9345700686575,0.800415879195127,718.092513069782,8.34401606425703,0
"190",2018-08-22 21:15:00,18.01096,7.793337,684.18,22.83,0.897149259197448,27.0725506943261,31.1979160589478,0.0320534229950013,25.2720923020893,0.810057064527584,726.742095348581,8.34341365461847,0
"191",2018-08-22 21:20:00,17.960541,7.742672,701.71,22.76,0.897149259197448,27.0661479693156,31.2578164215272,0.0319919979858638,25.925743138459,0.829416322267603,744.110239088652,8.34100401606426,0
"192",2018-08-22 21:25:00,17.901701,7.713838,711.35125,22.7025,0.897149259197448,27.060888588057,31.3071275765853,0.0319416081067719,26.2870617749761,0.83965102549479,753.292295507028,8.32172690763052,0
"193",2018-08-22 21:30:00,17.851251,7.68289,730.2925,22.64375,0.897149259197448,27.0555148724232,31.3576109093269,0.0318901845836273,26.9923711836053,0.860791699394955,772.258635435496,8.30787148594377,0
"194",2018-08-22 21:35:00,17.792373,7.654386,738.52875,22.58,0.897149259197448,27.0496838192886,31.4125055418567,0.0318344551875212,27.302675880942,0.869165811831265,779.771464204167,8.30787148594377,0
"195",2018-08-22 21:40:00,17.741889,7.623776,752.540625,22.538125,0.897149259197448,27.0458536177199,31.4486289706653,0.0317978885799054,27.8246209432617,0.884764196531939,793.765543483054,8.30726907630522,0
"196",2018-08-22 21:45:00,17.69139,7.599613,770.34125,22.491875,0.897149324890904,27.0416212657242,31.4885866832995,0.0317575383759718,28.4872435136285,0.90468472910971,811.637293959887,8.30184738955823,0
"197",2018-08-22 21:50:00,17.632454,7.57157,783.735,22.446875,0.897224938059433,27.0352266567218,31.5275252105778,0.0317183157675976,28.9894000132282,0.91949494353277,824.993793757152,8.27835341365462,0
"198",2018-08-22 21:55:00,17.581921,7.541431,789.08,22.4,0.897303770207335,27.0285646904125,31.5681500125476,0.0316774977185082,29.1942990328266,0.924802341005809,829.828627281082,8.27172690763052,0
"199",2018-08-22 22:00:00,17.531372,7.517656,805.85125,22.34,0.89738253666178,27.0207056738602,31.6202450039575,0.0316253084020963,29.8234716637908,0.943176488988565,846.39011020831,8.27172690763052,0
"200",2018-08-22 22:05:00,17.480806,7.493994,822.7675,22.28,0.897385755641153,27.0151221451907,31.6724471772972,0.0315731839223589,30.4558126955007,0.961586975739955,862.914454839091,8.27172690763052,0
"201",2018-08-22 22:10:00,17.430224,7.452002,831.113125,22.22,0.897385755641153,27.0096355414987,31.7247567924459,0.0315211242293311,30.7709862920232,0.969936081569906,870.406823483229,8.24943775100401,0
"202",2018-08-22 22:15:00,17.379625,7.440876,852.189375,22.160625,0.897385755641153,27.0042060899286,31.7766275402788,0.0314696705536936,31.5576533582237,0.993108954630962,891.201829685501,8.23558232931727,0
"203",2018-08-22 22:20:00,17.320572,7.419802,865.2175,22.11,0.897385755641153,26.9995767680635,31.8209376691482,0.0314258495584667,32.0455949155256,1.00706004482687,903.721339302979,8.23558232931727,0
"204",2018-08-22 22:25:00,17.269936,7.408785,882.3075,22.07,0.897385755641153,26.9959190322689,31.8560026001914,0.031391258110771,32.682995490739,1.02596034728295,920.682201504372,8.23558232931727,0
"205",2018-08-22 22:30:00,17.219284,7.379579,903.0725,22.025,0.897385755641153,26.9918040794999,31.8955082161703,0.0313523770564353,33.4572856760574,1.04896543580062,941.326640247392,8.2325702811245,0
"206",2018-08-22 22:35:00,17.168614,7.362626,913.69375,21.98,0.897385755641153,26.987689126731,31.9350748939582,0.0313135323252111,33.8559461578723,1.06014926441514,951.362848739595,8.20305220883534,0
"207",2018-08-22 22:40:00,17.117926,7.345741,932.65125,21.92875,0.897385755641153,26.9830026527441,31.9802114573491,0.0312693367063462,34.5643982622205,1.08080580731362,969.899736097482,8.19943775100401,0
"208",2018-08-22 22:45:00,17.058768,7.337171,944.3325,21.87,0.897385755641153,26.9776303532957,32.0320511964179,0.0312187313222023,35.0042790131356,1.09278918163849,980.65344552113,8.19943775100401,0
"209",2018-08-22 22:50:00,17.016498,7.324198,961.0875,21.81,0.897385755641153,26.9721437496038,32.085102009628,0.0311671130015396,35.6325959449967,1.11056514435591,996.605341256557,8.19943775100401,0
"210",2018-08-22 22:55:00,16.965757,7.31349,978.565,21.75,0.897385755641153,26.9666571459118,32.1382623254505,0.0311155590763877,36.287960895752,1.12912019101342,1013.25637582226,8.19461847389558,0
"211",2018-08-22 23:00:00,16.914997,7.296832,990.7375,21.6975,0.897385755641153,26.9618563676814,32.1848676374987,0.031070502177082,36.7458934017457,1.14171336093776,1024.55730713074,8.16751004016064,0
"212",2018-08-22 23:05:00,16.864219,7.286217,1009.96625,21.66,0.897385755641153,26.9584272403739,32.2182086993514,0.0310383488210545,37.4638416772117,1.16281578615406,1043.49432292932,8.16329317269076,0
"213",2018-08-22 23:10:00,16.82189,7.279392,1021.05875,21.62,0.897385755641153,26.9547695045793,32.2538199344623,0.0310040795797812,37.8804482014411,1.17444843055526,1053.9332923154,8.16329317269076,0
"214",2018-08-22 23:15:00,16.771077,7.280779,1039.5375,21.58,0.897385755641153,26.9511117687847,32.2894802133303,0.0309698388884923,38.5712288575796,1.19454474345041,1071.96743724841,8.16329317269076,0
"215",2018-08-22 23:20:00,16.728719,7.268033,1051.12125,21.5225,0.897385755641153,26.9458537735799,32.3408279463276,0.0309206678833203,39.0086452198673,1.20617336342179,1082.40279516849,8.16329317269076,0
"216",2018-08-22 23:25:00,16.686348,7.25533,1066.66375,21.47,0.897385755641153,26.9410529953494,32.3877995122158,0.0308758240776076,39.5925040563235,1.22245119003501,1097.010284904,8.16269076305221,0
"217",2018-08-22 23:30:00,16.643963,7.266446,1078.765,21.43,0.897385755641153,26.9373952595548,32.4236444150315,0.0308416903170948,40.0471162711012,1.23512075812599,1108.37977483896,8.14763052208835,0
"218",2018-08-22 23:35:00,16.593084,7.256004,1091.48125,21.4,0.897385755641153,26.9346519577088,32.4505605216138,0.0308161086873661,40.5233099619694,1.24877072415987,1120.62905992276,8.12714859437751,0
"219",2018-08-22 23:40:00,16.559153,7.258968,1104.2675,21.37,0.897385755641153,26.9319086558629,32.477504462499,0.0307905430712718,41.0021998110264,1.2624799992983,1132.93156815215,8.12714859437751,0
"220",2018-08-22 23:45:00,16.525214,7.250056,1117.0525,21.3175,0.897385755641153,26.9271078776324,32.5247234373425,0.0307458417571623,41.4843103491224,1.27547004139913,1144.58864689861,8.12714859437751,0
"221",2018-08-22 23:50:00,16.482777,7.255267,1128.405,21.27,0.897385755641153,26.9227643163763,32.567519059965,0.0307054399249371,41.9126723667683,1.28694704345138,1154.88794505776,8.12714859437751,0
"222",2018-08-22 23:55:00,16.440327,7.248616,1140.95,21.23,0.897385755641153,26.9191065805816,32.6036118820903,0.0306714484154842,42.3843932778599,1.29999073204348,1166.59316540133,8.12714859437751,0
"223",2018-08-23 00:00:00,16.406356,7.251617,1153.03625,21.21,0.897385755641153,26.9172777126843,32.6216769727938,0.0306544633138876,42.8362876182182,1.31312340729581,1178.37824110623,8.12714859437751,0
"224",2018-08-23 00:05:00,16.372377,7.242762,1162.71875,21.17625,0.897385755641153,26.9141914981076,32.6521900875824,0.0306258170529363,43.2009540424706,1.32306451501702,1187.29924957054,8.12052208835341,0
"225",2018-08-23 00:10:00,16.338388,7.257648,1173.8825,21.13875,0.897385755641153,26.9107623708001,32.6861352441588,0.0305940115749446,43.6213022814149,1.33455062691177,1197.60672277259,8.10787148594377,0
"226",2018-08-23 00:15:00,16.295889,7.251047,1181.49375,21.09,0.897385755641153,26.9063045053004,32.7303296703074,0.0305527017317882,43.9114093043602,1.34161219109859,1203.94366988639,8.09281124497992,0
"227",2018-08-23 00:20:00,16.26188,7.260024,1191.803125,21.045625,0.897385755641153,26.9022467046533,32.7706226374424,0.0305151357990202,44.3012488170311,1.35185862371789,1213.13867256509,8.09100401606426,0
"228",2018-08-23 00:25:00,16.227862,7.251201,1198.888125,21.013125,0.897385755641153,26.8992747943201,32.8001721679444,0.0304876448477091,44.5695333486518,1.35882010376182,1219.38580559469,8.09100401606426,0
"229",2018-08-23 00:30:00,16.193834,7.266135,1204.64875,20.99,0.897385755641153,26.8971601658139,32.8212179990322,0.0304680953653057,44.7872096003318,1.36458097324884,1224.55552781245,8.09100401606426,0
"230",2018-08-23 00:35:00,16.159797,7.257325,1212.628125,20.96,0.897385755641153,26.8944168639679,32.8485457600066,0.0304427479775226,45.0884706343878,1.3726169482146,1231.76689727941,8.09100401606426,0
"231",2018-08-23 00:40:00,16.12575,7.260401,1216.125,20.93,0.897385755641153,26.8916735621219,32.8759018572954,0.0304174165119699,45.2231058506141,1.37557004662303,1234.41696572615,8.09100401606426,0
"232",2018-08-23 00:45:00,16.091694,7.26943,1227.029375,20.89,0.897385788487881,26.8880148421537,32.9124207922062,0.0303836659817136,45.6348072627631,1.38655274101167,1244.27272477279,8.09100401606426,0
"233",2018-08-23 00:50:00,16.066146,7.276214,1231.009375,20.845625,0.897423595072146,26.882824476618,32.9529930989881,0.0303462570758317,45.7916680619145,1.38960573093801,1247.06497079124,8.0904016064257,0
"234",2018-08-23 00:55:00,16.032073,7.279321,1237.8625,20.82,0.897462814065727,26.879306665327,32.9764505399853,0.0303246705944735,46.0526201591645,1.39653053633907,1253.33422507158,8.09100401606426,0
"235",2018-08-23 01:00:00,15.997991,7.288395,1240.13125,20.81,0.897502279409771,26.8772104020323,32.9856103023752,0.0303162497474843,46.1406236529007,1.39881067016602,1255.43576493671,8.08859437751004,0
"236",2018-08-23 01:05:00,15.972422,7.283295,1246.23125,20.77,0.897504003863006,26.8735015066089,33.022281042402,0.0302825840139861,46.3739810643403,1.40432397764389,1260.38639265621,8.08618473895582,0
"237",2018-08-23 01:10:00,15.946849,7.290113,1260.54375,20.73,0.897504003863006,26.8698442527294,33.059002549158,0.0302489465165509,46.9129533518586,1.41906741687382,1273.61868839578,8.07172690763052,0
"238",2018-08-23 01:15:00,15.92127,7.285022,1264.705,20.71,0.897504003863006,26.8680156257896,33.0773823659186,0.0302321383517444,47.0710236890757,1.42305770052637,1277.1999839505,8.0614859437751,0
"239",2018-08-23 01:20:00,15.895685,7.291851,1270.48125,20.7,0.897504003863006,26.8671013123197,33.0865770446756,0.0302237369145118,47.2876189817109,1.4292085554169,1282.72040084193,8.054859437751,0
"240",2018-08-23 01:25:00,15.870095,7.292729,1273.88125,20.66,0.897504003863006,26.8634440584402,33.1233875924611,0.0301901487946722,47.4206228817395,1.43163566073575,1284.8987375834,8.054859437751,0
"241",2018-08-23 01:30:00,15.844499,7.299574,1278.1775,20.62875,0.897504003863006,26.8605868288469,33.1521813108607,0.0301639276952312,47.5856133800958,1.43536900133044,1288.24942571491,8.054859437751,0
"242",2018-08-23 01:35:00,15.818898,7.300462,1279.15875,20.62,0.897504003863006,26.8597868045607,33.1602491349589,0.0301565888703097,47.6235630352361,1.43616421099289,1288.96312957088,8.054859437751,0
"243",2018-08-23 01:40:00,15.801827,7.299068,1280.85375,20.605,0.897504003863006,26.8584153343559,33.1740853774447,0.0301440111648084,47.6891035474307,1.43754086977346,1290.19868633839,8.054859437751,0
"244",2018-08-23 01:45:00,15.776216,7.299965,1288.15875,20.565,0.897504003863006,26.8547580804764,33.2110171735414,0.0301104899851331,47.9676169913629,1.44432845102913,1296.2905676919,8.054859437751,0
"245",2018-08-23 01:50:00,15.759139,7.310514,1287.5275,20.53,0.897504003863006,26.8515579833318,33.2433744861582,0.0300811820537767,47.9498247661918,1.44238740823851,1294.54847401564,8.054859437751,0
"246",2018-08-23 01:55:00,15.733519,7.305449,1297.72,20.53,0.897504003863006,26.8515579833318,33.2433744861582,0.0300811820537767,48.3294116790378,1.45380583126906,1304.79655440337,8.054859437751,0
"247",2018-08-23 02:00:00,15.707893,7.318307,1293.4725,20.51125,0.897504003863006,26.8498436455758,33.2607249028838,0.0300654902417144,48.174302877668,1.44838403306992,1299.9304688115,8.054859437751,0
"248",2018-08-23 02:05:00,15.690806,7.322905,1300.3525,20.47875,0.897504003863006,26.8468721267987,33.290825668115,0.030038305747333,48.4359032165233,1.45493246996616,1305.80771714492,8.054859437751,0
"249",2018-08-23 02:10:00,15.673716,7.315545,1305.46125,20.4475,0.897504003863006,26.8440148972054,33.3198006937131,0.0300121843222395,48.6313710895723,1.45953367298347,1309.93731527555,8.054859437751,0
"250",2018-08-23 02:15:00,15.648077,7.33442,1305.11,20.44,0.897504003863006,26.843329162103,33.3267593700035,0.0300059177340859,48.6195282305943,1.45887356435728,1309.34486514055,8.054859437751,0
"251",2018-08-23 02:20:00,15.622432,7.347344,1306.49,20.43,0.897504003863006,26.8424148486331,33.3360404190535,0.0299975638207002,48.6725954936402,1.4600592896396,1310.40905832892,8.054859437751,0
"252",2018-08-23 02:25:00,15.605332,7.327988,1309.675,20.395625,0.897504003863006,26.8392718960804,33.3679685707244,0.0299688606419198,48.79696457754,1.46238943117299,1312.50036968471,8.054859437751,0
"253",2018-08-23 02:30:00,15.588229,7.338596,1314.9025,20.37,0.897504003863006,26.8369289678138,33.3917943205014,0.0299474772275425,48.9960122328823,1.46730696058464,1316.91387202077,8.054859437751,0
"254",2018-08-23 02:35:00,15.562571,7.333546,1308.4675,20.36,0.897504003863006,26.836014654344,33.4010979175359,0.0299391356077248,48.7578918424908,1.45976913581911,1310.14864411329,8.054859437751,0
"255",2018-08-23 02:40:00,15.554017,7.34785,1317.53375,20.346875,0.897504003863006,26.8348146179147,33.4133137851693,0.0299281898954858,49.0979262856701,1.4694120613521,1318.8032083881,8.05425702811245,0
"256",2018-08-23 02:45:00,15.52835,7.3488,1321.8025,20.31,0.897504003863006,26.8314430869946,33.447664325096,0.0298974538335609,49.2631907912806,1.47284397237621,1321.88336227315,8.05305220883534,0
"257",2018-08-23 02:50:00,15.502678,7.349756,1320.9175,20.29,0.897504003863006,26.8296144600548,33.4663135098488,0.0298807934045592,49.2335624862088,1.47113790922086,1320.35216376037,8.05425702811245,0
"258",2018-08-23 02:55:00,15.494119,7.352076,1325.02375,20.28125,0.897504003863006,26.8288144357687,33.4744765973783,0.029873506672792,49.3880843364235,1.47539526698056,1324.17315939558,8.054859437751,0
"259",2018-08-23 03:00:00,15.468439,7.359045,1319.89875,20.26,0.897504003863006,26.8268715196452,33.4943115575525,0.0298558159131506,49.2006214378536,1.46892469646117,1318.36579644715,8.054859437751,0
"260",2018-08-23 03:05:00,15.442753,7.366025,1328.0325,20.23,0.897504003863006,26.8241285792356,33.5223387616814,0.0298308541987255,49.5088776538308,1.47689211083397,1325.51658274717,8.05425702811245,0
"261",2018-08-23 03:10:00,15.434189,7.356332,1331.21625,20.21875,0.897504003863006,26.8230999765819,33.5328564874153,0.02982149762205,49.6294705370455,1.4800251376041,1328.32848681758,8.05365461847389,0
"262",2018-08-23 03:15:00,15.399929,7.359636,1333.205,20.21,0.897504003863006,26.8222999522958,33.5410397800995,0.0298142218176945,49.7050962210974,1.48191876420565,1330.02802427429,8.05425702811245,0
"263",2018-08-23 03:20:00,15.382795,7.370312,1333.26125,20.18,0.897504003863006,26.8195570118862,33.5691156577359,0.0297892863844196,49.7122771046931,1.48089325949333,1329.107629689,8.054859437751,0
"264",2018-08-23 03:25:00,15.365658,7.374982,1335.78125,20.14,0.897504003863006,26.8158997580067,33.6065956703538,0.0297560636551519,49.8130311514595,1.48223972579889,1330.31608858931,8.054859437751,0
"265",2018-08-23 03:30:00,15.339948,7.375972,1332.8075,20.13,0.897504003863006,26.8149854445368,33.6159738089936,0.0297477623489956,49.7038308208943,1.47857774709465,1327.02944804019,8.05365461847389,0
"266",2018-08-23 03:35:00,15.322804,7.392711,1336.535,20.12,0.897504003863006,26.8140711310669,33.6253552044881,0.0297394627928429,49.8445384688893,1.48234979722196,1330.41487813223,8.05365461847389,0
"267",2018-08-23 03:40:00,15.297084,7.381651,1334.20875,20.09,0.897504003863006,26.8113281906573,33.6535189454181,0.0297145746221035,49.7628741296345,1.47868263673537,1327.1235869127,8.05244979919678,0
"268",2018-08-23 03:45:00,15.279934,7.39237,1343.5625,20.05625,0.897504036709734,26.8082414015721,33.6852382497304,0.0296865942460123,50.1175172169708,1.48781839823775,1335.32301830939,8.05305220883534,0
"269",2018-08-23 03:50:00,15.254203,7.387348,1346.465,20.05,0.897541974680912,26.806536829159,33.6911162768045,0.0296814148805296,50.2289799156515,1.49086719190224,1338.11588340692,8.05184738955823,0
"270",2018-08-23 03:55:00,15.237046,7.392045,1339.40125,20.04,0.897581390754863,26.8044454216751,33.7005237751219,0.029673129316115,49.969369965659,1.48274757683579,1330.88663215467,8.05004016064257,0
"271",2018-08-23 04:00:00,15.211305,7.40514,1341.86125,20,0.897620757558722,26.7996130854029,33.7381864703678,0.0296400045354631,50.0701724955454,1.48408013985938,1332.14113941843,8.05244979919678,0
"272",2018-08-23 04:05:00,15.194141,7.397769,1351.195,19.97,0.897622252084859,26.7968258854238,33.7664678663495,0.0296151792943841,50.42369591747,1.49330679528138,1340.42540863409,8.05184738955823,0
"273",2018-08-23 04:10:00,15.176975,7.408523,1345.68625,19.96,0.897622252084859,26.795911692401,33.7759015530214,0.0296069077069697,50.2198344824976,1.4868540045826,1334.63324011483,8.04642570281124,0
"274",2018-08-23 04:15:00,15.151219,7.403512,1340.98125,19.95875,0.897622252084859,26.7957974182732,33.7770809944229,0.0296058738813195,50.0444614156371,1.48161001312991,1329.92611669715,8.04943775100401,0
"275",2018-08-23 04:20:00,15.125458,7.410593,1342.76125,19.92,0.897622252084859,26.7922549203097,33.8136691088742,0.0295738388158993,50.1175154533981,1.48216732387214,1330.4263712207,8.04883534136546,0
"276",2018-08-23 04:25:00,15.10828,7.421374,1349.535625,19.88,0.897622252084859,26.7885981482183,33.851489223878,0.0295407978475176,50.3772395081359,1.48818384842582,1335.8269375403,8.04763052208835,0
"277",2018-08-23 04:30:00,15.082508,7.416368,1348.2625,19.871875,0.897622252084859,26.7878553663872,33.8591778647904,0.0295340898114329,50.3311101825556,1.48648352844072,1334.30069248601,8.05064257028112,0
"278",2018-08-23 04:35:00,15.05673,7.429534,1351.24125,19.86,0.897622252084859,26.7867697621726,33.8704190179653,0.0295242878297309,50.4443522678191,1.48933357573943,1336.85895836082,8.03859437751004,0
"279",2018-08-23 04:40:00,15.039541,7.422162,1351.720625,19.82375,0.897622252084859,26.7834558124648,33.9047628505962,0.0294943811996731,50.4684919849259,1.48853694117605,1336.14388144996,8.03196787148594,0
"280",2018-08-23 04:45:00,15.013752,7.429282,1357.2325,19.79875,0.897622284931587,26.7811693499033,33.9284734981893,0.029473769282705,50.6786123588327,1.49368972823187,1340.76918683434,8.02413654618474,0
"281",2018-08-23 04:50:00,14.996556,7.434035,1345.15375,19.79,0.897697668173018,26.7781205769679,33.936777098329,0.0294665576846788,50.2333144005998,1.48020285647788,1328.77465268324,8.02232931726907,0
"282",2018-08-23 04:55:00,14.970756,7.447247,1352.2475,19.77,0.89777650032092,26.773941166212,33.9557662518643,0.0294500790405546,50.506105604897,1.48740880209481,1335.36066889121,8.02232931726907,0
"283",2018-08-23 05:00:00,14.94495,7.454404,1351.98375,19.73,0.897855299622094,26.7679355572282,33.9937842319402,0.02941714265105,50.5075838631464,1.48578879946205,1334.02334771615,8.02413654618474,0
"284",2018-08-23 05:05:00,14.919138,7.461572,1355.185,19.71,0.897858748528564,26.7660048302525,34.0128130801606,0.0294006849019875,50.6308284928759,1.48858103484561,1336.53550502984,8.02413654618474,0
"285",2018-08-23 05:10:00,14.901926,7.466358,1345.7675,19.7,0.897858748528564,26.7650908780285,34.0223324735638,0.0293924586380733,50.2806998165189,1.47787338965041,1326.92155211518,8.02775100401606,0
"286",2018-08-23 05:15:00,14.876103,7.467453,1351.0775,19.67,0.897858748528564,26.7623490213567,34.0509105472409,0.0293677902860377,50.4842642520588,1.48261128529937,1331.17551317322,8.02714859437751,0
"287",2018-08-23 05:20:00,14.850273,7.480745,1353.25125,19.63125,0.897858748528564,26.758807456489,34.0878681044798,0.0293359501666395,50.5721808492568,1.48358297721208,1332.04795525792,8.02473895582329,0
"288",2018-08-23 05:25:00,14.824437,7.46966,1347.495,19.6,0.897858748528564,26.7559513557892,34.117708938923,0.0293102916667172,50.3624401943923,1.47613781114524,1325.36324777056,8.02353413654618,0
"289",2018-08-23 05:30:00,14.798594,7.482966,1353.6825,19.6,0.897858748528564,26.7559513557892,34.117708938923,0.0293102916667172,50.593697155422,1.48291602012298,1331.44912200058,8.0193172690763,0
"290",2018-08-23 05:35:00,14.781362,7.481677,1356.25625,19.58,0.897858748528564,26.7541234513413,34.1368241278091,0.0292938791334535,50.6933539596868,1.48500498376444,1333.32471628142,8.01991967871486,0
"291",2018-08-23 05:40:00,14.755508,7.488903,1350.90875,19.54,0.897858748528564,26.7504676424455,34.1750944887038,0.0292610749132102,50.5003788366109,1.47769536828357,1326.76171407354,8.01991967871486,0
"292",2018-08-23 05:45:00,14.729648,7.490031,1349.8,19.51,0.897858797798657,26.7477243179895,34.2038322876749,0.0292364899812803,50.4641061778917,1.4753933346842,1324.6948857597,8.01871485943775,0
"293",2018-08-23 05:50:00,14.703781,7.509511,1351.78125,19.5,0.897896719346471,26.7456807476467,34.2134182333562,0.0292282984757441,50.5420393952374,1.47725781301682,1326.42494393674,8.01991967871486,0
"294",2018-08-23 05:55:00,14.677907,7.504531,1353.90625,19.48625,0.897936135420422,26.7432501352188,34.2266043657461,0.0292170379893367,50.6260923094389,1.47914446225654,1328.17726216716,8.01871485943775,0
"295",2018-08-23 06:00:00,14.660654,7.503256,1354.01625,19.4425,0.89797550222428,26.7380797032068,34.2686023181365,0.0291812309914593,50.6399960292438,1.47773742153595,1326.97200325935,8.01871485943775,0
"296",2018-08-23 06:05:00,14.63477,7.510526,1356.93125,19.42,0.897976996750417,26.7359790806232,34.2902262247237,0.0291628288902623,50.7530038794589,1.48010116780348,1329.09680155095,8.01871485943775,4.89320533333333
"297",2018-08-23 06:10:00,14.608878,7.517808,1358.99875,19.41,0.897976996750417,26.7350652487511,34.2998422974865,0.0291546529959783,50.832071564272,1.48199140752309,1330.79419333751,8.01871485943775,9.78641066666667
"298",2018-08-23 06:15:00,14.58298,7.531238,1362.638125,19.39,0.897976996750417,26.733237585007,34.3190845073699,0.0291383064074816,50.9716834957625,1.4852285318047,1333.70105647802,8.01871485943775,14.679616
"299",2018-08-23 06:20:00,14.557074,7.532407,1354.011875,19.35,0.897976996750417,26.7295822575188,34.357609223146,0.0291056340243349,50.6559310188668,1.47437298939709,1323.95302910874,8.01871485943775,19.5728213333333
"300",2018-08-23 06:25:00,14.531162,7.527445,1355.360625,19.32,0.897976996750417,26.7268407619027,34.386538062439,0.0290811479243477,50.7115912828716,1.47475128757625,1324.29273217153,8.01991967871486,24.4660266666667
