id,timestamp,parameterValue,parameterUnits
64403947,08/16/2018 01:00,761.8,mmHg
64404360,08/16/2018 01:15,761.8,mmHg
64404689,08/16/2018 01:15,761.8,mmHg
64404690,08/16/2018 01:30,761.8,mmHg
64405213,08/16/2018 01:45,761.8,mmHg
64404935,08/16/2018 01:45,761.8,mmHg
64405214,08/16/2018 02:00,762.1,mmHg
64407832,08/16/2018 02:15,762.1,mmHg
64407833,08/16/2018 02:30,762.1,mmHg
64407834,08/16/2018 02:45,762.1,mmHg
64407835,08/16/2018 03:00,762.2,mmHg
64407836,08/16/2018 03:15,762.2,mmHg
64407837,08/16/2018 03:30,762.2,mmHg
64407838,08/16/2018 03:45,762.2,mmHg
64407839,08/16/2018 04:00,762.5,mmHg
64407840,08/16/2018 04:15,762.5,mmHg
64407841,08/16/2018 04:30,762.5,mmHg
64407842,08/16/2018 04:45,762.5,mmHg
64408525,08/16/2018 05:00,762.6,mmHg
64408247,08/16/2018 05:00,762.6,mmHg
64408526,08/16/2018 05:15,762.6,mmHg
64409056,08/16/2018 05:30,762.6,mmHg
64408778,08/16/2018 05:30,762.6,mmHg
64409057,08/16/2018 05:45,762.6,mmHg
64409618,08/16/2018 06:00,762.8,mmHg
64410786,08/16/2018 06:00,762.8,mmHg
64411819,08/16/2018 06:00,762.8,mmHg
64410082,08/16/2018 06:00,762.8,mmHg
64409871,08/16/2018 06:00,762.8,mmHg
64409353,08/16/2018 06:00,762.8,mmHg
64411038,08/16/2018 06:00,762.8,mmHg
64410525,08/16/2018 06:00,762.8,mmHg
64411381,08/16/2018 06:00,762.8,mmHg
64410366,08/16/2018 06:00,762.8,mmHg
64411508,08/16/2018 06:00,762.8,mmHg
64412021,08/16/2018 06:00,762.8,mmHg
64412022,08/16/2018 06:15,762.8,mmHg
64412023,08/16/2018 06:30,762.8,mmHg
64412024,08/16/2018 06:45,762.8,mmHg
64412025,08/16/2018 07:00,763,mmHg
64412026,08/16/2018 07:15,763,mmHg
64412027,08/16/2018 07:30,763,mmHg
64412028,08/16/2018 07:45,763,mmHg
64412029,08/16/2018 08:00,763.8,mmHg
64412030,08/16/2018 08:15,763.8,mmHg
64412031,08/16/2018 08:30,763.8,mmHg
64412032,08/16/2018 08:45,763.8,mmHg
64412732,08/16/2018 09:00,764.1,mmHg
64412479,08/16/2018 09:00,764.1,mmHg
64412733,08/16/2018 09:15,764.1,mmHg
64415143,08/16/2018 09:30,764.1,mmHg
64415144,08/16/2018 09:45,764.1,mmHg
64415145,08/16/2018 10:00,764.5,mmHg
64415146,08/16/2018 10:15,764.5,mmHg
64415147,08/16/2018 10:30,764.5,mmHg
64415148,08/16/2018 10:45,764.5,mmHg
64415149,08/16/2018 11:00,764.6,mmHg
64415150,08/16/2018 11:15,764.6,mmHg
64415151,08/16/2018 11:30,764.6,mmHg
64415152,08/16/2018 11:45,764.6,mmHg
64415723,08/16/2018 12:00,764.7,mmHg
64415557,08/16/2018 12:00,764.7,mmHg
64415724,08/16/2018 12:15,764.7,mmHg
64416211,08/16/2018 12:30,764.7,mmHg
64416045,08/16/2018 12:30,764.7,mmHg
64416212,08/16/2018 12:45,764.7,mmHg
64419707,08/16/2018 13:00,764.6,mmHg
64419708,08/16/2018 13:15,764.6,mmHg
64419709,08/16/2018 13:30,764.6,mmHg
64419710,08/16/2018 13:45,764.6,mmHg
64419711,08/16/2018 14:00,764.6,mmHg
64419712,08/16/2018 14:15,764.6,mmHg
64419713,08/16/2018 14:30,764.6,mmHg
64419714,08/16/2018 14:45,764.6,mmHg
64419715,08/16/2018 15:00,764.4,mmHg
64419716,08/16/2018 15:15,764.4,mmHg
64419717,08/16/2018 15:30,764.4,mmHg
64420398,08/16/2018 15:45,764.4,mmHg
64420153,08/16/2018 15:45,764.4,mmHg
64420399,08/16/2018 16:00,764.4,mmHg
64420903,08/16/2018 16:15,764.4,mmHg
64420687,08/16/2018 16:15,764.4,mmHg
64420904,08/16/2018 16:30,764.4,mmHg
64421453,08/16/2018 16:45,764.4,mmHg
64421130,08/16/2018 16:45,764.4,mmHg
64421454,08/16/2018 17:00,764.3,mmHg
64423814,08/16/2018 17:15,764.3,mmHg
64423815,08/16/2018 17:30,764.3,mmHg
64423816,08/16/2018 17:45,764.3,mmHg
64423817,08/16/2018 18:00,763.8,mmHg
64423818,08/16/2018 18:15,763.8,mmHg
64423819,08/16/2018 18:30,763.8,mmHg
64423820,08/16/2018 18:45,763.8,mmHg
64423821,08/16/2018 19:00,763.2,mmHg
64423822,08/16/2018 19:15,763.2,mmHg
64423823,08/16/2018 19:30,763.2,mmHg
64424471,08/16/2018 19:45,763.2,mmHg
64424203,08/16/2018 19:45,763.2,mmHg
64424472,08/16/2018 20:00,763.3,mmHg
64425226,08/16/2018 20:15,763.3,mmHg
64424698,08/16/2018 20:15,763.3,mmHg
64425227,08/16/2018 20:30,763.3,mmHg
64428057,08/16/2018 20:45,763.3,mmHg
64428058,08/16/2018 21:00,763.4,mmHg
64428059,08/16/2018 21:15,763.4,mmHg
64428060,08/16/2018 21:30,763.4,mmHg
64428061,08/16/2018 21:45,763.4,mmHg
64428062,08/16/2018 22:00,763.7,mmHg
64428063,08/16/2018 22:15,763.7,mmHg
64428064,08/16/2018 22:30,763.7,mmHg
64428065,08/16/2018 22:45,763.7,mmHg
64428066,08/16/2018 23:00,763.8,mmHg
64428067,08/16/2018 23:15,763.8,mmHg
64428068,08/16/2018 23:30,763.8,mmHg
64430842,08/16/2018 23:45,763.8,mmHg
64430843,08/17/2018 00:00,763.9,mmHg
64430844,08/17/2018 00:15,763.9,mmHg
64430845,08/17/2018 00:30,763.9,mmHg
64430846,08/17/2018 00:45,763.9,mmHg
64430847,08/17/2018 01:00,764.1,mmHg
64430848,08/17/2018 01:15,764.1,mmHg
64430849,08/17/2018 01:30,764.1,mmHg
64430850,08/17/2018 01:45,764.1,mmHg
64430851,08/17/2018 02:00,764,mmHg
64430852,08/17/2018 02:15,764,mmHg
64432209,08/17/2018 02:30,764,mmHg
64433713,08/17/2018 02:30,764,mmHg
64432655,08/17/2018 02:30,764,mmHg
64431442,08/17/2018 02:30,764,mmHg
64431938,08/17/2018 02:30,764,mmHg
64431290,08/17/2018 02:30,764,mmHg
64433509,08/17/2018 02:30,764,mmHg
64431735,08/17/2018 02:30,764,mmHg
64432895,08/17/2018 02:30,764,mmHg
64432421,08/17/2018 02:30,764,mmHg
64433714,08/17/2018 02:45,764,mmHg
64433715,08/17/2018 03:00,764.1,mmHg
64433716,08/17/2018 03:15,764.1,mmHg
64433717,08/17/2018 03:30,764.1,mmHg
64433718,08/17/2018 03:45,764.1,mmHg
64433719,08/17/2018 04:00,764.1,mmHg
64433720,08/17/2018 04:15,764.1,mmHg
64433721,08/17/2018 04:30,764.1,mmHg
64433722,08/17/2018 04:45,764.1,mmHg
64433723,08/17/2018 05:00,764.2,mmHg
64436487,08/17/2018 05:15,764.2,mmHg
64436488,08/17/2018 05:30,764.2,mmHg
64436489,08/17/2018 05:45,764.2,mmHg
64436490,08/17/2018 06:00,764.3,mmHg
64436491,08/17/2018 06:15,764.3,mmHg
64436492,08/17/2018 06:30,764.3,mmHg
64436493,08/17/2018 06:45,764.3,mmHg
64436494,08/17/2018 07:00,764.7,mmHg
64436495,08/17/2018 07:15,764.7,mmHg
64436496,08/17/2018 07:30,764.7,mmHg
64436497,08/17/2018 07:45,764.7,mmHg
64439405,08/17/2018 08:00,765,mmHg
64439406,08/17/2018 08:15,765,mmHg
64439407,08/17/2018 08:30,765,mmHg
64439408,08/17/2018 08:45,765,mmHg
64439409,08/17/2018 09:00,765.1,mmHg
64439410,08/17/2018 09:15,765.1,mmHg
64439411,08/17/2018 09:30,765.1,mmHg
64439412,08/17/2018 09:45,765.1,mmHg
64439413,08/17/2018 10:00,765.4,mmHg
64439414,08/17/2018 10:15,765.4,mmHg
64439415,08/17/2018 10:30,765.4,mmHg
64440123,08/17/2018 10:45,765.4,mmHg
64439864,08/17/2018 10:45,765.4,mmHg
64440124,08/17/2018 11:00,765.7,mmHg
64442880,08/17/2018 11:15,765.7,mmHg
64442881,08/17/2018 11:30,765.7,mmHg
64442882,08/17/2018 11:45,765.7,mmHg
64442883,08/17/2018 12:00,765.5,mmHg
64442884,08/17/2018 12:15,765.5,mmHg
64442885,08/17/2018 12:30,765.5,mmHg
64442886,08/17/2018 12:45,765.5,mmHg
64442887,08/17/2018 13:00,765.9,mmHg
64442888,08/17/2018 13:15,765.9,mmHg
64442889,08/17/2018 13:30,765.9,mmHg
64442890,08/17/2018 13:45,765.9,mmHg
64442891,08/17/2018 14:00,765.4,mmHg
64457950,08/17/2018 14:15,765.4,mmHg
64457951,08/17/2018 14:30,765.4,mmHg
64457952,08/17/2018 14:45,765.4,mmHg
64457953,08/17/2018 15:00,765.5,mmHg
64457954,08/17/2018 15:15,765.5,mmHg
64457955,08/17/2018 15:30,765.5,mmHg
64457956,08/17/2018 15:45,765.5,mmHg
64457957,08/17/2018 16:00,764.7,mmHg
64457958,08/17/2018 16:15,764.7,mmHg
64457959,08/17/2018 16:30,764.7,mmHg
64457960,08/17/2018 16:45,764.7,mmHg
64457961,08/17/2018 17:00,764.2,mmHg
64457962,08/17/2018 17:15,764.2,mmHg
64457963,08/17/2018 17:30,764.2,mmHg
64457964,08/17/2018 17:45,764.2,mmHg
64457965,08/17/2018 18:00,763.9,mmHg
64457966,08/17/2018 18:15,763.9,mmHg
64457967,08/17/2018 18:30,763.9,mmHg
64457968,08/17/2018 18:45,763.9,mmHg
64457969,08/17/2018 19:00,763.6,mmHg
64457970,08/17/2018 19:15,763.6,mmHg
64457971,08/17/2018 19:30,763.6,mmHg
64457972,08/17/2018 19:45,763.6,mmHg
64457973,08/17/2018 20:00,763.5,mmHg
64457974,08/17/2018 20:15,763.5,mmHg
64457975,08/17/2018 20:30,763.5,mmHg
64457976,08/17/2018 20:45,763.5,mmHg
64457977,08/17/2018 21:00,763.4,mmHg
64457978,08/17/2018 21:15,763.4,mmHg
64457979,08/17/2018 21:30,763.4,mmHg
64457980,08/17/2018 21:45,763.4,mmHg
64457981,08/17/2018 22:00,763.9,mmHg
64457982,08/17/2018 22:15,763.9,mmHg
64457983,08/17/2018 22:30,763.9,mmHg
64471047,08/17/2018 22:45,763.9,mmHg
64471048,08/17/2018 23:00,764.2,mmHg
64471049,08/17/2018 23:15,764.2,mmHg
64471050,08/17/2018 23:30,764.2,mmHg
64471051,08/17/2018 23:45,764.2,mmHg
64471052,08/18/2018 00:00,764.3,mmHg
64471053,08/18/2018 00:15,764.3,mmHg
64471054,08/18/2018 00:30,764.3,mmHg
64471055,08/18/2018 00:45,764.3,mmHg
64471056,08/18/2018 01:00,764.1,mmHg
64471057,08/18/2018 01:15,764.1,mmHg
64471058,08/18/2018 01:30,764.1,mmHg
64471059,08/18/2018 01:45,764.1,mmHg
64471060,08/18/2018 02:00,764.3,mmHg
64471061,08/18/2018 02:15,764.3,mmHg
64471062,08/18/2018 02:30,764.3,mmHg
64471063,08/18/2018 02:45,764.3,mmHg
64471064,08/18/2018 03:00,764.4,mmHg
64471065,08/18/2018 03:15,764.4,mmHg
64471066,08/18/2018 03:30,764.4,mmHg
64471067,08/18/2018 03:45,764.4,mmHg
64471068,08/18/2018 04:00,764.4,mmHg
64471069,08/18/2018 04:15,764.4,mmHg
64471070,08/18/2018 04:30,764.4,mmHg
64471071,08/18/2018 04:45,764.4,mmHg
64471072,08/18/2018 05:00,764.7,mmHg
64471073,08/18/2018 05:15,764.7,mmHg
64471074,08/18/2018 05:30,764.7,mmHg
64471075,08/18/2018 05:45,764.7,mmHg
64471076,08/18/2018 06:00,765.1,mmHg
64471077,08/18/2018 06:15,765.1,mmHg
64471078,08/18/2018 06:30,765.1,mmHg
64471079,08/18/2018 06:45,765.1,mmHg
64471080,08/18/2018 07:00,765.3,mmHg
64471081,08/18/2018 07:15,765.3,mmHg
64471082,08/18/2018 07:30,765.3,mmHg
64471083,08/18/2018 07:45,765.3,mmHg
64471084,08/18/2018 08:00,765.6,mmHg
64471085,08/18/2018 08:15,765.6,mmHg
64471086,08/18/2018 08:30,765.6,mmHg
64471087,08/18/2018 08:45,765.6,mmHg
64471088,08/18/2018 09:00,765.9,mmHg
64471089,08/18/2018 09:15,765.9,mmHg
64471090,08/18/2018 09:30,765.9,mmHg
64471091,08/18/2018 09:45,765.9,mmHg
64471092,08/18/2018 10:00,766,mmHg
64471093,08/18/2018 10:15,766,mmHg
64471094,08/18/2018 10:30,766,mmHg
64471095,08/18/2018 10:45,766,mmHg
64471096,08/18/2018 11:00,765.9,mmHg
64471097,08/18/2018 11:15,765.9,mmHg
64471098,08/18/2018 11:30,765.9,mmHg
64471099,08/18/2018 11:45,765.9,mmHg
64471100,08/18/2018 12:00,766,mmHg
64471101,08/18/2018 12:15,766,mmHg
64471102,08/18/2018 12:30,766,mmHg
64471103,08/18/2018 12:45,766,mmHg
64471104,08/18/2018 13:00,765.8,mmHg
64471105,08/18/2018 13:15,765.8,mmHg
64471106,08/18/2018 13:30,765.8,mmHg
64471107,08/18/2018 13:45,765.8,mmHg
64471108,08/18/2018 14:00,765.7,mmHg
64471109,08/18/2018 14:15,765.7,mmHg
64471110,08/18/2018 14:30,765.7,mmHg
64471111,08/18/2018 14:45,765.7,mmHg
64471112,08/18/2018 15:00,765.3,mmHg
64471113,08/18/2018 15:15,765.3,mmHg
64471114,08/18/2018 15:30,765.3,mmHg
64498814,08/18/2018 15:45,765.3,mmHg
64498815,08/18/2018 16:00,765,mmHg
64498816,08/18/2018 16:15,765,mmHg
64498817,08/18/2018 16:30,765,mmHg
64498818,08/18/2018 16:45,765,mmHg
64498819,08/18/2018 17:00,764.7,mmHg
64498820,08/18/2018 17:15,764.7,mmHg
64498821,08/18/2018 17:30,764.7,mmHg
64498822,08/18/2018 17:45,764.7,mmHg
64498823,08/18/2018 18:00,764.5,mmHg
64498824,08/18/2018 18:15,764.5,mmHg
64498825,08/18/2018 18:30,764.5,mmHg
64498826,08/18/2018 18:45,764.5,mmHg
64498827,08/18/2018 19:00,764.2,mmHg
64498828,08/18/2018 19:15,764.2,mmHg
64498829,08/18/2018 19:30,764.2,mmHg
64498830,08/18/2018 19:45,764.2,mmHg
64498831,08/18/2018 20:00,764.3,mmHg
64498832,08/18/2018 20:15,764.3,mmHg
64498833,08/18/2018 20:30,764.3,mmHg
64498834,08/18/2018 20:45,764.3,mmHg
64498835,08/18/2018 21:00,764.6,mmHg
64498836,08/18/2018 21:15,764.6,mmHg
64498837,08/18/2018 21:30,764.6,mmHg
64498838,08/18/2018 21:45,764.6,mmHg
64498839,08/18/2018 22:00,764.9,mmHg
64498840,08/18/2018 22:15,764.9,mmHg
64498841,08/18/2018 22:30,764.9,mmHg
64498842,08/18/2018 22:45,764.9,mmHg
64498843,08/18/2018 23:00,765.3,mmHg
64498844,08/18/2018 23:15,765.3,mmHg
64498845,08/18/2018 23:30,765.3,mmHg
64498846,08/18/2018 23:45,765.3,mmHg
64498847,08/19/2018 00:00,765.5,mmHg
64498848,08/19/2018 00:15,765.5,mmHg
64498849,08/19/2018 00:30,765.5,mmHg
64498850,08/19/2018 00:45,765.5,mmHg
64498851,08/19/2018 01:00,765.5,mmHg
64498852,08/19/2018 01:15,765.5,mmHg
64498853,08/19/2018 01:30,765.5,mmHg
64498854,08/19/2018 01:45,765.5,mmHg
64498855,08/19/2018 02:00,765.5,mmHg
64498856,08/19/2018 02:15,765.5,mmHg
64498857,08/19/2018 02:30,765.5,mmHg
64498858,08/19/2018 02:45,765.5,mmHg
64498859,08/19/2018 03:00,765.4,mmHg
64498860,08/19/2018 03:15,765.4,mmHg
64498861,08/19/2018 03:30,765.4,mmHg
64498862,08/19/2018 03:45,765.4,mmHg
64498863,08/19/2018 04:00,765.4,mmHg
64498864,08/19/2018 04:15,765.4,mmHg
64499856,08/19/2018 04:30,765.4,mmHg
64499857,08/19/2018 04:45,765.4,mmHg
64499858,08/19/2018 05:00,765.4,mmHg
64499859,08/19/2018 05:15,765.4,mmHg
64499860,08/19/2018 05:30,765.4,mmHg
64499861,08/19/2018 05:45,765.4,mmHg
64499862,08/19/2018 06:00,765.3,mmHg
64499863,08/19/2018 06:15,765.3,mmHg
64499864,08/19/2018 06:30,765.3,mmHg
64499865,08/19/2018 06:45,765.3,mmHg
64499866,08/19/2018 07:00,765.3,mmHg
64499867,08/19/2018 07:15,765.3,mmHg
64499868,08/19/2018 07:30,765.3,mmHg
64499869,08/19/2018 07:45,765.3,mmHg
64499870,08/19/2018 08:00,765.7,mmHg
64499871,08/19/2018 08:15,765.7,mmHg
64499872,08/19/2018 08:30,765.7,mmHg
64500428,08/19/2018 08:45,765.7,mmHg
64500429,08/19/2018 09:00,765.8,mmHg
64500430,08/19/2018 09:15,765.8,mmHg
64500431,08/19/2018 09:30,765.8,mmHg
64500432,08/19/2018 09:45,765.8,mmHg
64500433,08/19/2018 10:00,765.7,mmHg
64500434,08/19/2018 10:15,765.7,mmHg
64500435,08/19/2018 10:30,765.7,mmHg
64500436,08/19/2018 10:45,765.7,mmHg
64500437,08/19/2018 11:00,765.6,mmHg
64500438,08/19/2018 11:15,765.6,mmHg
64500439,08/19/2018 11:30,765.6,mmHg
64500440,08/19/2018 11:45,765.6,mmHg
64500441,08/19/2018 12:00,765.2,mmHg
64500442,08/19/2018 12:15,765.2,mmHg
64500443,08/19/2018 12:30,765.2,mmHg
64500444,08/19/2018 12:45,765.2,mmHg
64500445,08/19/2018 13:00,764.8,mmHg
64500446,08/19/2018 13:15,764.8,mmHg
64500447,08/19/2018 13:30,764.8,mmHg
64500448,08/19/2018 13:45,764.8,mmHg
64500449,08/19/2018 14:00,764.4,mmHg
64500450,08/19/2018 14:15,764.4,mmHg
64500451,08/19/2018 14:30,764.4,mmHg
64500452,08/19/2018 14:45,764.4,mmHg
64500453,08/19/2018 15:00,763.9,mmHg
64500454,08/19/2018 15:15,763.9,mmHg
64500455,08/19/2018 15:30,763.9,mmHg
64500456,08/19/2018 15:45,763.9,mmHg
64500457,08/19/2018 16:00,763.3,mmHg
64500458,08/19/2018 16:15,763.3,mmHg
64500459,08/19/2018 16:30,763.3,mmHg
64500460,08/19/2018 16:45,763.3,mmHg
64500461,08/19/2018 17:00,762.9,mmHg
64500462,08/19/2018 17:15,762.9,mmHg
64500463,08/19/2018 17:30,762.9,mmHg
64500464,08/19/2018 17:45,762.9,mmHg
64500465,08/19/2018 18:00,762.4,mmHg
64500466,08/19/2018 18:15,762.4,mmHg
64500467,08/19/2018 18:30,762.4,mmHg
64500468,08/19/2018 18:45,762.4,mmHg
64500469,08/19/2018 19:00,762.2,mmHg
64500470,08/19/2018 19:15,762.2,mmHg
64500471,08/19/2018 19:30,762.2,mmHg
64500472,08/19/2018 19:45,762.2,mmHg
64500473,08/19/2018 20:00,762.2,mmHg
64500474,08/19/2018 20:15,762.2,mmHg
64500475,08/19/2018 20:30,762.2,mmHg
64500476,08/19/2018 20:45,762.2,mmHg
64500477,08/19/2018 21:00,762.4,mmHg
64500478,08/19/2018 21:15,762.4,mmHg
64500479,08/19/2018 21:30,762.4,mmHg
64500480,08/19/2018 21:45,762.4,mmHg
64500481,08/19/2018 22:00,763,mmHg
64500482,08/19/2018 22:15,763,mmHg
64500483,08/19/2018 22:30,763,mmHg
64500484,08/19/2018 22:45,763,mmHg
64500485,08/19/2018 23:00,763.1,mmHg
64500486,08/19/2018 23:15,763.1,mmHg
64500487,08/19/2018 23:30,763.1,mmHg
64500488,08/19/2018 23:45,763.1,mmHg
64500489,08/20/2018 00:00,763.3,mmHg
64500490,08/20/2018 00:15,763.3,mmHg
64500491,08/20/2018 00:30,763.3,mmHg
64500492,08/20/2018 00:45,763.3,mmHg
64500493,08/20/2018 01:00,763.2,mmHg
64500494,08/20/2018 01:15,763.2,mmHg
64500495,08/20/2018 01:30,763.2,mmHg
64500496,08/20/2018 01:45,763.2,mmHg
64500497,08/20/2018 02:00,763.4,mmHg
64500498,08/20/2018 02:15,763.4,mmHg
64500499,08/20/2018 02:30,763.4,mmHg
64500500,08/20/2018 02:45,763.4,mmHg
64500501,08/20/2018 03:00,763.3,mmHg
64500502,08/20/2018 03:15,763.3,mmHg
64500503,08/20/2018 03:30,763.3,mmHg
64500504,08/20/2018 03:45,763.3,mmHg
64500505,08/20/2018 04:00,763.4,mmHg
64500506,08/20/2018 04:15,763.4,mmHg
64500507,08/20/2018 04:30,763.4,mmHg
64500508,08/20/2018 04:45,763.4,mmHg
64500509,08/20/2018 05:00,763.6,mmHg
64500510,08/20/2018 05:15,763.6,mmHg
64500511,08/20/2018 05:30,763.6,mmHg
64500512,08/20/2018 05:45,763.6,mmHg
64500513,08/20/2018 06:00,763.9,mmHg
64500514,08/20/2018 06:15,763.9,mmHg
64500515,08/20/2018 06:30,763.9,mmHg
64500516,08/20/2018 06:45,763.9,mmHg
64500517,08/20/2018 07:00,764.7,mmHg
64500518,08/20/2018 07:15,764.7,mmHg
64500519,08/20/2018 07:30,764.7,mmHg
64500520,08/20/2018 07:45,764.7,mmHg
64500521,08/20/2018 08:00,765.3,mmHg
64500522,08/20/2018 08:15,765.3,mmHg
64500523,08/20/2018 08:30,765.3,mmHg
64500524,08/20/2018 08:45,765.3,mmHg
64500525,08/20/2018 09:00,765.6,mmHg
64500526,08/20/2018 09:15,765.6,mmHg
64500527,08/20/2018 09:30,765.6,mmHg
64500528,08/20/2018 09:45,765.6,mmHg
64500529,08/20/2018 10:00,765.9,mmHg
64500530,08/20/2018 10:15,765.9,mmHg
64503926,08/20/2018 10:30,765.9,mmHg
64502730,08/20/2018 10:30,765.9,mmHg
64503282,08/20/2018 10:30,765.9,mmHg
64505792,08/20/2018 10:30,765.9,mmHg
64503711,08/20/2018 10:30,765.9,mmHg
64502513,08/20/2018 10:30,765.9,mmHg
64504709,08/20/2018 10:30,765.9,mmHg
64503047,08/20/2018 10:30,765.9,mmHg
64504117,08/20/2018 10:30,765.9,mmHg
64505494,08/20/2018 10:30,765.9,mmHg
64503449,08/20/2018 10:30,765.9,mmHg
64505793,08/20/2018 10:45,765.9,mmHg
64505794,08/20/2018 11:00,766.6,mmHg
64505795,08/20/2018 11:15,766.6,mmHg
64505796,08/20/2018 11:30,766.6,mmHg
64505797,08/20/2018 11:45,766.6,mmHg
64505798,08/20/2018 12:00,767.1,mmHg
64505799,08/20/2018 12:15,767.1,mmHg
64505800,08/20/2018 12:30,767.1,mmHg
64505801,08/20/2018 12:45,767.1,mmHg
64505802,08/20/2018 13:00,767.4,mmHg
64509607,08/20/2018 13:15,767.4,mmHg
64506622,08/20/2018 13:15,767.4,mmHg
64507851,08/20/2018 13:15,767.4,mmHg
64506162,08/20/2018 13:15,767.4,mmHg
64507387,08/20/2018 13:15,767.4,mmHg
64506889,08/20/2018 13:15,767.4,mmHg
64507080,08/20/2018 13:15,767.4,mmHg
64507632,08/20/2018 13:15,767.4,mmHg
64506412,08/20/2018 13:15,767.4,mmHg
64508091,08/20/2018 13:15,767.4,mmHg
64509608,08/20/2018 13:30,767.4,mmHg
64509609,08/20/2018 13:45,767.4,mmHg
64509610,08/20/2018 14:00,768.1,mmHg
64509611,08/20/2018 14:15,768.1,mmHg
64509612,08/20/2018 14:30,768.1,mmHg
64509613,08/20/2018 14:45,768.1,mmHg
64509614,08/20/2018 15:00,768.2,mmHg
64509615,08/20/2018 15:15,768.2,mmHg
64509616,08/20/2018 15:30,768.2,mmHg
64509617,08/20/2018 15:45,768.2,mmHg
64510332,08/20/2018 16:00,768,mmHg
64510104,08/20/2018 16:00,768,mmHg
64510333,08/20/2018 16:15,768,mmHg
64510754,08/20/2018 16:30,768,mmHg
64510581,08/20/2018 16:30,768,mmHg
64510755,08/20/2018 16:45,768,mmHg
64511077,08/20/2018 17:00,767.7,mmHg
64511286,08/20/2018 17:00,767.7,mmHg
64511287,08/20/2018 17:15,767.7,mmHg
64511789,08/20/2018 17:30,767.7,mmHg
64511546,08/20/2018 17:30,767.7,mmHg
64511790,08/20/2018 17:45,767.7,mmHg
64513945,08/20/2018 18:00,767.8,mmHg
64513494,08/20/2018 18:00,767.8,mmHg
64514631,08/20/2018 18:00,767.8,mmHg
64513677,08/20/2018 18:00,767.8,mmHg
64512059,08/20/2018 18:00,767.8,mmHg
64514154,08/20/2018 18:00,767.8,mmHg
64514422,08/20/2018 18:00,767.8,mmHg
64513226,08/20/2018 18:00,767.8,mmHg
64513135,08/20/2018 18:00,767.8,mmHg
64512232,08/20/2018 18:00,767.8,mmHg
64514899,08/20/2018 18:00,767.8,mmHg
64514900,08/20/2018 18:15,767.8,mmHg
64514901,08/20/2018 18:30,767.8,mmHg
64514902,08/20/2018 18:45,767.8,mmHg
64514903,08/20/2018 19:00,767.6,mmHg
64514904,08/20/2018 19:15,767.6,mmHg
64514905,08/20/2018 19:30,767.6,mmHg
64514906,08/20/2018 19:45,767.6,mmHg
64514907,08/20/2018 20:00,767.6,mmHg
64514908,08/20/2018 20:15,767.6,mmHg
64514909,08/20/2018 20:30,767.6,mmHg
64514910,08/20/2018 20:45,767.6,mmHg
64518067,08/20/2018 21:00,767.4,mmHg
64518068,08/20/2018 21:15,767.4,mmHg
64518069,08/20/2018 21:30,767.4,mmHg
64518070,08/20/2018 21:45,767.4,mmHg
64518071,08/20/2018 22:00,767.6,mmHg
64518072,08/20/2018 22:15,767.6,mmHg
64518073,08/20/2018 22:30,767.6,mmHg
64518074,08/20/2018 22:45,767.6,mmHg
64518075,08/20/2018 23:00,767.8,mmHg
64518076,08/20/2018 23:15,767.8,mmHg
64518077,08/20/2018 23:30,767.8,mmHg
64522715,08/20/2018 23:45,767.8,mmHg
64521190,08/20/2018 23:45,767.8,mmHg
64522124,08/20/2018 23:45,767.8,mmHg
64518743,08/20/2018 23:45,767.8,mmHg
64519200,08/20/2018 23:45,767.8,mmHg
64522498,08/20/2018 23:45,767.8,mmHg
64518499,08/20/2018 23:45,767.8,mmHg
64518958,08/20/2018 23:45,767.8,mmHg
64519478,08/20/2018 23:45,767.8,mmHg
64522288,08/20/2018 23:45,767.8,mmHg
64519944,08/20/2018 23:45,767.8,mmHg
64522716,08/21/2018 00:00,767.7,mmHg
64522717,08/21/2018 00:15,767.7,mmHg
64522718,08/21/2018 00:30,767.7,mmHg
64522719,08/21/2018 00:45,767.7,mmHg
64522720,08/21/2018 01:00,768,mmHg
64522721,08/21/2018 01:15,768,mmHg
64522722,08/21/2018 01:30,768,mmHg
64522723,08/21/2018 01:45,768,mmHg
64522724,08/21/2018 02:00,767.9,mmHg
64522725,08/21/2018 02:15,767.9,mmHg
64522726,08/21/2018 02:30,767.9,mmHg
64523314,08/21/2018 02:45,767.9,mmHg
64523613,08/21/2018 02:45,767.9,mmHg
64523614,08/21/2018 03:00,767.8,mmHg
64524126,08/21/2018 03:15,767.8,mmHg
64523809,08/21/2018 03:15,767.8,mmHg
64524127,08/21/2018 03:30,767.8,mmHg
64524286,08/21/2018 03:45,767.8,mmHg
64524560,08/21/2018 03:45,767.8,mmHg
64524561,08/21/2018 04:00,767.7,mmHg
64524855,08/21/2018 04:15,767.7,mmHg
64524977,08/21/2018 04:15,767.7,mmHg
64524978,08/21/2018 04:30,767.7,mmHg
64528150,08/21/2018 04:45,767.7,mmHg
64527030,08/21/2018 04:45,767.7,mmHg
64527482,08/21/2018 04:45,767.7,mmHg
64526389,08/21/2018 04:45,767.7,mmHg
64525855,08/21/2018 04:45,767.7,mmHg
64526831,08/21/2018 04:45,767.7,mmHg
64527976,08/21/2018 04:45,767.7,mmHg
64526096,08/21/2018 04:45,767.7,mmHg
64527215,08/21/2018 04:45,767.7,mmHg
64526571,08/21/2018 04:45,767.7,mmHg
64527725,08/21/2018 04:45,767.7,mmHg
64528151,08/21/2018 05:00,767.9,mmHg
64528152,08/21/2018 05:15,767.9,mmHg
64528153,08/21/2018 05:30,767.9,mmHg
64528154,08/21/2018 05:45,767.9,mmHg
64528155,08/21/2018 06:00,767.5,mmHg
64528156,08/21/2018 06:15,767.5,mmHg
64528157,08/21/2018 06:30,767.5,mmHg
64528158,08/21/2018 06:45,767.5,mmHg
64528159,08/21/2018 07:00,767.3,mmHg
64528160,08/21/2018 07:15,767.3,mmHg
64531491,08/21/2018 07:30,767.3,mmHg
64530320,08/21/2018 07:30,767.3,mmHg
64530747,08/21/2018 07:30,767.3,mmHg
64529611,08/21/2018 07:30,767.3,mmHg
64530130,08/21/2018 07:30,767.3,mmHg
64531250,08/21/2018 07:30,767.3,mmHg
64529382,08/21/2018 07:30,767.3,mmHg
64530512,08/21/2018 07:30,767.3,mmHg
64532141,08/21/2018 07:30,767.3,mmHg
64531675,08/21/2018 07:30,767.3,mmHg
64529851,08/21/2018 07:30,767.3,mmHg
64530989,08/21/2018 07:30,767.3,mmHg
64532142,08/21/2018 07:45,767.3,mmHg
64532143,08/21/2018 08:00,767.6,mmHg
64532144,08/21/2018 08:15,767.6,mmHg
64532145,08/21/2018 08:30,767.6,mmHg
64532146,08/21/2018 08:45,767.6,mmHg
64532147,08/21/2018 09:00,767.8,mmHg
64532148,08/21/2018 09:15,767.8,mmHg
64532149,08/21/2018 09:30,767.8,mmHg
64532150,08/21/2018 09:45,767.8,mmHg
64532151,08/21/2018 10:00,767.8,mmHg
64532152,08/21/2018 10:15,767.8,mmHg
64532752,08/21/2018 10:30,767.8,mmHg
64532509,08/21/2018 10:30,767.8,mmHg
64532753,08/21/2018 10:45,767.8,mmHg
64533329,08/21/2018 11:00,767.7,mmHg
64533061,08/21/2018 11:00,767.7,mmHg
64533330,08/21/2018 11:15,767.7,mmHg
64534485,08/21/2018 11:30,767.7,mmHg
64536106,08/21/2018 11:30,767.7,mmHg
64535623,08/21/2018 11:30,767.7,mmHg
64534962,08/21/2018 11:30,767.7,mmHg
64534242,08/21/2018 11:30,767.7,mmHg
64535890,08/21/2018 11:30,767.7,mmHg
64533748,08/21/2018 11:30,767.7,mmHg
64535414,08/21/2018 11:30,767.7,mmHg
64534745,08/21/2018 11:30,767.7,mmHg
64533531,08/21/2018 11:30,767.7,mmHg
64534077,08/21/2018 11:30,767.7,mmHg
64536107,08/21/2018 11:45,767.7,mmHg
64536108,08/21/2018 12:00,767.6,mmHg
64536109,08/21/2018 12:15,767.6,mmHg
64536110,08/21/2018 12:30,767.6,mmHg
64536111,08/21/2018 12:45,767.6,mmHg
64536112,08/21/2018 13:00,767.3,mmHg
64536113,08/21/2018 13:15,767.3,mmHg
64536114,08/21/2018 13:30,767.3,mmHg
64536115,08/21/2018 13:45,767.3,mmHg
64536116,08/21/2018 14:00,767,mmHg
64536713,08/21/2018 14:15,767,mmHg
64536470,08/21/2018 14:15,767,mmHg
64536714,08/21/2018 14:30,767,mmHg
64539261,08/21/2018 14:45,767,mmHg
64539262,08/21/2018 15:00,766.7,mmHg
64539263,08/21/2018 15:15,766.7,mmHg
64539264,08/21/2018 15:30,766.7,mmHg
64539265,08/21/2018 15:45,766.7,mmHg
64539266,08/21/2018 16:00,766.1,mmHg
64539267,08/21/2018 16:15,766.1,mmHg
64539268,08/21/2018 16:30,766.1,mmHg
64539269,08/21/2018 16:45,766.1,mmHg
64539270,08/21/2018 17:00,765.6,mmHg
64539271,08/21/2018 17:15,765.6,mmHg
64540018,08/21/2018 17:30,765.6,mmHg
64539784,08/21/2018 17:30,765.6,mmHg
64540019,08/21/2018 17:45,765.6,mmHg
64540351,08/21/2018 18:00,765.4,mmHg
64540236,08/21/2018 18:00,765.4,mmHg
64540352,08/21/2018 18:15,765.4,mmHg
64543094,08/21/2018 18:30,765.4,mmHg
64545972,08/21/2018 18:30,765.4,mmHg
64542676,08/21/2018 18:30,765.4,mmHg
64545538,08/21/2018 18:30,765.4,mmHg
64541545,08/21/2018 18:30,765.4,mmHg
64543788,08/21/2018 18:30,765.4,mmHg
64542076,08/21/2018 18:30,765.4,mmHg
64544316,08/21/2018 18:30,765.4,mmHg
64543423,08/21/2018 18:30,765.4,mmHg
64544569,08/21/2018 18:30,765.4,mmHg
64545027,08/21/2018 18:30,765.4,mmHg
64545304,08/21/2018 18:30,765.4,mmHg
64540865,08/21/2018 18:30,765.4,mmHg
64541361,08/21/2018 18:30,765.4,mmHg
64544768,08/21/2018 18:30,765.4,mmHg
64541842,08/21/2018 18:30,765.4,mmHg
64542373,08/21/2018 18:30,765.4,mmHg
64543514,08/21/2018 18:30,765.4,mmHg
64544074,08/21/2018 18:30,765.4,mmHg
64542903,08/21/2018 18:30,765.4,mmHg
64540705,08/21/2018 18:30,765.4,mmHg
64545755,08/21/2018 18:30,765.4,mmHg
64545973,08/21/2018 18:45,765.4,mmHg
64545974,08/21/2018 19:00,765.3,mmHg
64545975,08/21/2018 19:15,765.3,mmHg
64545976,08/21/2018 19:30,765.3,mmHg
64545977,08/21/2018 19:45,765.3,mmHg
64545978,08/21/2018 20:00,765.2,mmHg
64545979,08/21/2018 20:15,765.2,mmHg
64545980,08/21/2018 20:30,765.2,mmHg
64545981,08/21/2018 20:45,765.2,mmHg
64545982,08/21/2018 21:00,765.3,mmHg
64545983,08/21/2018 21:15,765.3,mmHg
64545984,08/21/2018 21:30,765.3,mmHg
64545985,08/21/2018 21:45,765.3,mmHg
64545986,08/21/2018 22:00,765.3,mmHg
64545987,08/21/2018 22:15,765.3,mmHg
64545988,08/21/2018 22:30,765.3,mmHg
64545989,08/21/2018 22:45,765.3,mmHg
64545990,08/21/2018 23:00,765.4,mmHg
64545991,08/21/2018 23:15,765.4,mmHg
64545992,08/21/2018 23:30,765.4,mmHg
64545993,08/21/2018 23:45,765.4,mmHg
64546834,08/22/2018 00:00,765.2,mmHg
64546553,08/22/2018 00:00,765.2,mmHg
64546835,08/22/2018 00:15,765.2,mmHg
64547347,08/22/2018 00:30,765.2,mmHg
64547073,08/22/2018 00:30,765.2,mmHg
64547348,08/22/2018 00:45,765.2,mmHg
64547507,08/22/2018 01:00,765,mmHg
64547792,08/22/2018 01:00,765,mmHg
64547793,08/22/2018 01:15,765,mmHg
64548636,08/22/2018 01:30,765,mmHg
64548052,08/22/2018 01:30,765,mmHg
64548637,08/22/2018 01:45,765,mmHg
64549825,08/22/2018 02:00,765,mmHg
64550970,08/22/2018 02:00,765,mmHg
64549305,08/22/2018 02:00,765,mmHg
64550493,08/22/2018 02:00,765,mmHg
64551213,08/22/2018 02:00,765,mmHg
64548969,08/22/2018 02:00,765,mmHg
64549522,08/22/2018 02:00,765,mmHg
64550016,08/22/2018 02:00,765,mmHg
64548828,08/22/2018 02:00,765,mmHg
64551472,08/22/2018 02:00,765,mmHg
64550259,08/22/2018 02:00,765,mmHg
64550736,08/22/2018 02:00,765,mmHg
64551473,08/22/2018 02:15,765,mmHg
64551474,08/22/2018 02:30,765,mmHg
64551475,08/22/2018 02:45,765,mmHg
64551476,08/22/2018 03:00,764.9,mmHg
64551477,08/22/2018 03:15,764.9,mmHg
64551478,08/22/2018 03:30,764.9,mmHg
64551479,08/22/2018 03:45,764.9,mmHg
64551480,08/22/2018 04:00,764.7,mmHg
64551481,08/22/2018 04:15,764.7,mmHg
64551482,08/22/2018 04:30,764.7,mmHg
64551483,08/22/2018 04:45,764.7,mmHg
64551888,08/22/2018 05:00,764.5,mmHg
64552421,08/22/2018 05:00,764.5,mmHg
64552422,08/22/2018 05:15,764.5,mmHg
64552890,08/22/2018 05:30,764.5,mmHg
64552707,08/22/2018 05:30,764.5,mmHg
64552891,08/22/2018 05:45,764.5,mmHg
64555330,08/22/2018 06:00,764.2,mmHg
64555331,08/22/2018 06:15,764.2,mmHg
64555332,08/22/2018 06:30,764.2,mmHg
64555333,08/22/2018 06:45,764.2,mmHg
64555334,08/22/2018 07:00,764.2,mmHg
64555335,08/22/2018 07:15,764.2,mmHg
64555336,08/22/2018 07:30,764.2,mmHg
64555337,08/22/2018 07:45,764.2,mmHg
64555338,08/22/2018 08:00,764.2,mmHg
64555339,08/22/2018 08:15,764.2,mmHg
64555340,08/22/2018 08:30,764.2,mmHg
64555899,08/22/2018 08:45,764.2,mmHg
64555900,08/22/2018 09:00,764.1,mmHg
64558758,08/22/2018 09:15,764.1,mmHg
64558759,08/22/2018 09:30,764.1,mmHg
64558760,08/22/2018 09:45,764.1,mmHg
64558761,08/22/2018 10:00,764,mmHg
64558762,08/22/2018 10:15,764,mmHg
64558763,08/22/2018 10:30,764,mmHg
64558764,08/22/2018 10:45,764,mmHg
64558765,08/22/2018 11:00,763.6,mmHg
64558766,08/22/2018 11:15,763.6,mmHg
64558767,08/22/2018 11:30,763.6,mmHg
64558768,08/22/2018 11:45,763.6,mmHg
64559394,08/22/2018 12:00,763.3,mmHg
64559198,08/22/2018 12:00,763.3,mmHg
64559395,08/22/2018 12:15,763.3,mmHg
64559956,08/22/2018 12:30,763.3,mmHg
64559754,08/22/2018 12:30,763.3,mmHg
64559957,08/22/2018 12:45,763.3,mmHg
64561069,08/22/2018 13:00,762.6,mmHg
64562693,08/22/2018 13:00,762.6,mmHg
64562224,08/22/2018 13:00,762.6,mmHg
64560456,08/22/2018 13:00,762.6,mmHg
64561496,08/22/2018 13:00,762.6,mmHg
64561261,08/22/2018 13:00,762.6,mmHg
64561825,08/22/2018 13:00,762.6,mmHg
64560261,08/22/2018 13:00,762.6,mmHg
64562441,08/22/2018 13:00,762.6,mmHg
64560800,08/22/2018 13:00,762.6,mmHg
64562972,08/22/2018 13:00,762.6,mmHg
64562973,08/22/2018 13:15,762.6,mmHg
64562974,08/22/2018 13:30,762.6,mmHg
64562975,08/22/2018 13:45,762.6,mmHg
64562976,08/22/2018 14:00,762.1,mmHg
64562977,08/22/2018 14:15,762.1,mmHg
64562978,08/22/2018 14:30,762.1,mmHg
64562979,08/22/2018 14:45,762.1,mmHg
64562980,08/22/2018 15:00,761.5,mmHg
64562981,08/22/2018 15:15,761.5,mmHg
64562982,08/22/2018 15:30,761.5,mmHg
64563683,08/22/2018 15:45,761.5,mmHg
64563404,08/22/2018 15:45,761.5,mmHg
64563684,08/22/2018 16:00,760.8,mmHg
64566571,08/22/2018 16:15,760.8,mmHg
64566572,08/22/2018 16:30,760.8,mmHg
64566573,08/22/2018 16:45,760.8,mmHg
64566574,08/22/2018 17:00,760.1,mmHg
64566575,08/22/2018 17:15,760.1,mmHg
64566576,08/22/2018 17:30,760.1,mmHg
64566577,08/22/2018 17:45,760.1,mmHg
64566578,08/22/2018 18:00,759.5,mmHg
64566579,08/22/2018 18:15,759.5,mmHg
64566580,08/22/2018 18:30,759.5,mmHg
64566581,08/22/2018 18:45,759.5,mmHg
64566582,08/22/2018 19:00,759,mmHg
64567325,08/22/2018 19:15,759,mmHg
64567021,08/22/2018 19:15,759,mmHg
64567326,08/22/2018 19:30,759,mmHg
64567849,08/22/2018 19:45,759,mmHg
64567602,08/22/2018 19:45,759,mmHg
64567850,08/22/2018 20:00,758.6,mmHg
64568347,08/22/2018 20:15,758.6,mmHg
64568116,08/22/2018 20:15,758.6,mmHg
64568348,08/22/2018 20:30,758.6,mmHg
64570946,08/22/2018 20:45,758.6,mmHg
64570947,08/22/2018 21:00,758.7,mmHg
64570948,08/22/2018 21:15,758.7,mmHg
64570949,08/22/2018 21:30,758.7,mmHg
64570950,08/22/2018 21:45,758.7,mmHg
64570951,08/22/2018 22:00,758.9,mmHg
64570952,08/22/2018 22:15,758.9,mmHg
64570953,08/22/2018 22:30,758.9,mmHg
64570954,08/22/2018 22:45,758.9,mmHg
64570955,08/22/2018 23:00,758.9,mmHg
64570956,08/22/2018 23:15,758.9,mmHg
64575045,08/22/2018 23:30,758.9,mmHg
64572787,08/22/2018 23:30,758.9,mmHg
64573917,08/22/2018 23:30,758.9,mmHg
64576115,08/22/2018 23:30,758.9,mmHg
64573282,08/22/2018 23:30,758.9,mmHg
64574420,08/22/2018 23:30,758.9,mmHg
64571707,08/22/2018 23:30,758.9,mmHg
64572263,08/22/2018 23:30,758.9,mmHg
64573383,08/22/2018 23:30,758.9,mmHg
64575547,08/22/2018 23:30,758.9,mmHg
64576592,08/22/2018 23:30,758.9,mmHg
64573752,08/22/2018 23:30,758.9,mmHg
64575929,08/22/2018 23:30,758.9,mmHg
64571985,08/22/2018 23:30,758.9,mmHg
64574802,08/22/2018 23:30,758.9,mmHg
64571416,08/22/2018 23:30,758.9,mmHg
64572517,08/22/2018 23:30,758.9,mmHg
64574134,08/22/2018 23:30,758.9,mmHg
64575279,08/22/2018 23:30,758.9,mmHg
64576356,08/22/2018 23:30,758.9,mmHg
64574654,08/22/2018 23:30,758.9,mmHg
64576883,08/22/2018 23:30,758.9,mmHg
64572921,08/22/2018 23:30,758.9,mmHg
64576884,08/22/2018 23:45,758.9,mmHg
64576885,08/23/2018 00:00,758.9,mmHg
64576886,08/23/2018 00:15,758.9,mmHg
64576887,08/23/2018 00:30,758.9,mmHg
64576888,08/23/2018 00:45,758.9,mmHg
64576889,08/23/2018 01:00,759,mmHg
64576890,08/23/2018 01:15,759,mmHg
64576891,08/23/2018 01:30,759,mmHg
64576892,08/23/2018 01:45,759,mmHg
64576893,08/23/2018 02:00,759,mmHg
64576894,08/23/2018 02:15,759,mmHg
64576895,08/23/2018 02:30,759,mmHg
64576896,08/23/2018 02:45,759,mmHg
64576897,08/23/2018 03:00,759,mmHg
64576898,08/23/2018 03:15,759,mmHg
64576899,08/23/2018 03:30,759,mmHg
64576900,08/23/2018 03:45,759,mmHg
64576901,08/23/2018 04:00,759.1,mmHg
64576902,08/23/2018 04:15,759.1,mmHg
64576903,08/23/2018 04:30,759.1,mmHg
64576904,08/23/2018 04:45,759.1,mmHg
64576905,08/23/2018 05:00,759.3,mmHg
64578476,08/23/2018 05:15,759.3,mmHg
64577973,08/23/2018 05:15,759.3,mmHg
64579620,08/23/2018 05:15,759.3,mmHg
64578216,08/23/2018 05:15,759.3,mmHg
64579285,08/23/2018 05:15,759.3,mmHg
64578719,08/23/2018 05:15,759.3,mmHg
64577522,08/23/2018 05:15,759.3,mmHg
64579150,08/23/2018 05:15,759.3,mmHg
64579737,08/23/2018 05:15,759.3,mmHg
64577799,08/23/2018 05:15,759.3,mmHg
64580011,08/23/2018 05:15,759.3,mmHg
64580012,08/23/2018 05:30,759.3,mmHg
64580013,08/23/2018 05:45,759.3,mmHg
64580014,08/23/2018 06:00,759.4,mmHg
64580015,08/23/2018 06:15,759.4,mmHg
64580016,08/23/2018 06:30,759.4,mmHg
64580017,08/23/2018 06:45,759.4,mmHg
64580018,08/23/2018 07:00,759.8,mmHg
64580019,08/23/2018 07:15,759.8,mmHg
64580020,08/23/2018 07:30,759.8,mmHg
64580021,08/23/2018 07:45,759.8,mmHg
64580668,08/23/2018 08:00,760,mmHg
64580476,08/23/2018 08:00,760,mmHg
64580669,08/23/2018 08:15,760,mmHg
64581163,08/23/2018 08:30,760,mmHg
64580921,08/23/2018 08:30,760,mmHg
64581164,08/23/2018 08:45,760,mmHg
64582825,08/23/2018 09:00,760.3,mmHg
64582314,08/23/2018 09:00,760.3,mmHg
64584010,08/23/2018 09:00,760.3,mmHg
64582084,08/23/2018 09:00,760.3,mmHg
64583081,08/23/2018 09:00,760.3,mmHg
64583590,08/23/2018 09:00,760.3,mmHg
64581359,08/23/2018 09:00,760.3,mmHg
64581918,08/23/2018 09:00,760.3,mmHg
64583274,08/23/2018 09:00,760.3,mmHg
64581601,08/23/2018 09:00,760.3,mmHg
64583749,08/23/2018 09:00,760.3,mmHg
64584011,08/23/2018 09:15,760.3,mmHg
64584012,08/23/2018 09:30,760.3,mmHg
64584013,08/23/2018 09:45,760.3,mmHg
64584014,08/23/2018 10:00,760.5,mmHg
64584015,08/23/2018 10:15,760.5,mmHg
64584016,08/23/2018 10:30,760.5,mmHg
64584017,08/23/2018 10:45,760.5,mmHg
64584018,08/23/2018 11:00,760.4,mmHg
64584019,08/23/2018 11:15,760.4,mmHg
64584020,08/23/2018 11:30,760.4,mmHg
64584374,08/23/2018 11:45,760.4,mmHg
64584375,08/23/2018 12:00,760.2,mmHg
64584826,08/23/2018 12:15,760.2,mmHg
64585151,08/23/2018 12:15,760.2,mmHg
64585152,08/23/2018 12:30,760.2,mmHg
64585584,08/23/2018 12:45,760.2,mmHg
64585843,08/23/2018 12:45,760.2,mmHg
64585844,08/23/2018 13:00,759.8,mmHg
64586267,08/23/2018 13:15,759.8,mmHg
64586268,08/23/2018 13:30,759.8,mmHg
64586942,08/23/2018 13:45,759.8,mmHg
64586630,08/23/2018 13:45,759.8,mmHg
64586943,08/23/2018 14:00,759.4,mmHg
64587414,08/23/2018 14:15,759.4,mmHg
64587161,08/23/2018 14:15,759.4,mmHg
64587415,08/23/2018 14:30,759.4,mmHg
64587735,08/23/2018 14:45,759.4,mmHg
64587906,08/23/2018 14:45,759.4,mmHg
64587907,08/23/2018 15:00,759.1,mmHg
64588512,08/23/2018 15:15,759.1,mmHg
64588259,08/23/2018 15:15,759.1,mmHg
64588513,08/23/2018 15:30,759.1,mmHg
64589036,08/23/2018 15:45,759.1,mmHg
64589585,08/23/2018 15:45,759.1,mmHg
64588808,08/23/2018 15:45,759.1,mmHg
64590387,08/23/2018 15:45,759.1,mmHg
64590907,08/23/2018 15:45,759.1,mmHg
64589271,08/23/2018 15:45,759.1,mmHg
64589770,08/23/2018 15:45,759.1,mmHg
64591429,08/23/2018 15:45,759.1,mmHg
64590654,08/23/2018 15:45,759.1,mmHg
64591186,08/23/2018 15:45,759.1,mmHg
64590041,08/23/2018 15:45,759.1,mmHg
64591430,08/23/2018 16:00,758.7,mmHg
64591431,08/23/2018 16:15,758.7,mmHg
64591432,08/23/2018 16:30,758.7,mmHg
64591433,08/23/2018 16:45,758.7,mmHg
64591434,08/23/2018 17:00,758.3,mmHg
64591435,08/23/2018 17:15,758.3,mmHg
64591436,08/23/2018 17:30,758.3,mmHg
64591437,08/23/2018 17:45,758.3,mmHg
64591438,08/23/2018 18:00,758,mmHg
64591439,08/23/2018 18:15,758,mmHg
64592028,08/23/2018 18:30,758,mmHg
64591819,08/23/2018 18:30,758,mmHg
64592029,08/23/2018 18:45,758,mmHg
64595373,08/23/2018 19:00,757.9,mmHg
64592528,08/23/2018 19:00,757.9,mmHg
64594386,08/23/2018 19:00,757.9,mmHg
64594899,08/23/2018 19:00,757.9,mmHg
64593247,08/23/2018 19:00,757.9,mmHg
64593881,08/23/2018 19:00,757.9,mmHg
64592953,08/23/2018 19:00,757.9,mmHg
64593512,08/23/2018 19:00,757.9,mmHg
64594115,08/23/2018 19:00,757.9,mmHg
64594664,08/23/2018 19:00,757.9,mmHg
64592844,08/23/2018 19:00,757.9,mmHg
64592342,08/23/2018 19:00,757.9,mmHg
64595134,08/23/2018 19:00,757.9,mmHg
64595665,08/23/2018 19:00,757.9,mmHg
64595666,08/23/2018 19:15,757.9,mmHg
64595667,08/23/2018 19:30,757.9,mmHg
64595668,08/23/2018 19:45,757.9,mmHg
64595669,08/23/2018 20:00,757.7,mmHg
64595670,08/23/2018 20:15,757.7,mmHg
64595671,08/23/2018 20:30,757.7,mmHg
64595672,08/23/2018 20:45,757.7,mmHg
64595673,08/23/2018 21:00,758,mmHg
64595674,08/23/2018 21:15,758,mmHg
64595675,08/23/2018 21:30,758,mmHg
64595676,08/23/2018 21:45,758,mmHg
64595677,08/23/2018 22:00,758.1,mmHg
64595678,08/23/2018 22:15,758.1,mmHg
64596378,08/23/2018 22:30,758.1,mmHg
64596142,08/23/2018 22:30,758.1,mmHg
64596379,08/23/2018 22:45,758.1,mmHg
64596710,08/23/2018 23:00,758.2,mmHg
64596711,08/23/2018 23:15,758.2,mmHg
64599421,08/23/2018 23:30,758.2,mmHg
64599422,08/23/2018 23:45,758.2,mmHg
64599423,08/24/2018 00:00,758.2,mmHg
64599424,08/24/2018 00:15,758.2,mmHg
64599425,08/24/2018 00:30,758.2,mmHg
64599426,08/24/2018 00:45,758.2,mmHg
64599427,08/24/2018 01:00,758,mmHg
64599428,08/24/2018 01:15,758,mmHg
64599429,08/24/2018 01:30,758,mmHg
64599430,08/24/2018 01:45,758,mmHg
64599431,08/24/2018 02:00,758,mmHg
64600333,08/24/2018 02:15,758,mmHg
64600062,08/24/2018 02:15,758,mmHg
64600536,08/24/2018 02:15,758,mmHg
64600537,08/24/2018 02:30,758,mmHg
64600538,08/24/2018 02:45,758,mmHg
64601160,08/24/2018 03:00,757.8,mmHg
64600807,08/24/2018 03:00,757.8,mmHg
64601161,08/24/2018 03:15,757.8,mmHg
64603389,08/24/2018 03:30,757.8,mmHg
64603390,08/24/2018 03:45,757.8,mmHg
64603391,08/24/2018 04:00,758,mmHg
64603392,08/24/2018 04:15,758,mmHg
64603393,08/24/2018 04:30,758,mmHg
64603394,08/24/2018 04:45,758,mmHg
64603395,08/24/2018 05:00,758,mmHg
64603396,08/24/2018 05:15,758,mmHg
64603397,08/24/2018 05:30,758,mmHg
64603398,08/24/2018 05:45,758,mmHg
64603399,08/24/2018 06:00,757.7,mmHg
64604287,08/24/2018 06:15,757.7,mmHg
64603971,08/24/2018 06:15,757.7,mmHg
64604288,08/24/2018 06:30,757.7,mmHg
64607017,08/24/2018 06:45,757.7,mmHg
64606447,08/24/2018 06:45,757.7,mmHg
64605435,08/24/2018 06:45,757.7,mmHg
64605991,08/24/2018 06:45,757.7,mmHg
64607657,08/24/2018 06:45,757.7,mmHg
64605215,08/24/2018 06:45,757.7,mmHg
64607949,08/24/2018 06:45,757.7,mmHg
64605696,08/24/2018 06:45,757.7,mmHg
64606252,08/24/2018 06:45,757.7,mmHg
64607522,08/24/2018 06:45,757.7,mmHg
64604523,08/24/2018 06:45,757.7,mmHg
64604956,08/24/2018 06:45,757.7,mmHg
64606765,08/24/2018 06:45,757.7,mmHg
64607278,08/24/2018 06:45,757.7,mmHg
64607950,08/24/2018 07:00,757.9,mmHg
64607951,08/24/2018 07:15,757.9,mmHg
64607952,08/24/2018 07:30,757.9,mmHg
64607953,08/24/2018 07:45,757.9,mmHg
64607954,08/24/2018 08:00,758.1,mmHg
64607955,08/24/2018 08:15,758.1,mmHg
64607956,08/24/2018 08:30,758.1,mmHg
64607957,08/24/2018 08:45,758.1,mmHg
64607958,08/24/2018 09:00,758.6,mmHg
64607959,08/24/2018 09:15,758.6,mmHg
64607960,08/24/2018 09:30,758.6,mmHg
64607961,08/24/2018 09:45,758.6,mmHg
64607962,08/24/2018 10:00,758.6,mmHg
64608696,08/24/2018 10:15,758.6,mmHg
64608461,08/24/2018 10:15,758.6,mmHg
64608697,08/24/2018 10:30,758.6,mmHg
64608991,08/24/2018 10:45,758.6,mmHg
64609398,08/24/2018 10:45,758.6,mmHg
64609399,08/24/2018 11:00,758.6,mmHg
64609898,08/24/2018 11:15,758.6,mmHg
64609638,08/24/2018 11:15,758.6,mmHg
64609899,08/24/2018 11:30,758.6,mmHg
64612637,08/24/2018 11:45,758.6,mmHg
64612638,08/24/2018 12:00,758.6,mmHg
64612639,08/24/2018 12:15,758.6,mmHg
64612640,08/24/2018 12:30,758.6,mmHg
64612641,08/24/2018 12:45,758.6,mmHg
64612642,08/24/2018 13:00,758.2,mmHg
64612643,08/24/2018 13:15,758.2,mmHg
64612644,08/24/2018 13:30,758.2,mmHg
64612645,08/24/2018 13:45,758.2,mmHg
64612646,08/24/2018 14:00,758.2,mmHg
64612647,08/24/2018 14:15,758.2,mmHg
64613356,08/24/2018 14:30,758.2,mmHg
64613071,08/24/2018 14:30,758.2,mmHg
64613357,08/24/2018 14:45,758.2,mmHg
64614570,08/24/2018 15:00,758.3,mmHg
64615147,08/24/2018 15:00,758.3,mmHg
64615706,08/24/2018 15:00,758.3,mmHg
64615897,08/24/2018 15:00,758.3,mmHg
64613590,08/24/2018 15:00,758.3,mmHg
64614219,08/24/2018 15:00,758.3,mmHg
64614778,08/24/2018 15:00,758.3,mmHg
64614067,08/24/2018 15:00,758.3,mmHg
64614995,08/24/2018 15:00,758.3,mmHg
64616133,08/24/2018 15:00,758.3,mmHg
64613742,08/24/2018 15:00,758.3,mmHg
64615419,08/24/2018 15:00,758.3,mmHg
64616134,08/24/2018 15:15,758.3,mmHg
64616135,08/24/2018 15:30,758.3,mmHg
64616136,08/24/2018 15:45,758.3,mmHg
64616137,08/24/2018 16:00,758.4,mmHg
64616138,08/24/2018 16:15,758.4,mmHg
64616139,08/24/2018 16:30,758.4,mmHg
64616140,08/24/2018 16:45,758.4,mmHg
64616141,08/24/2018 17:00,758.6,mmHg
64616142,08/24/2018 17:15,758.6,mmHg
64616143,08/24/2018 17:30,758.6,mmHg
64616144,08/24/2018 17:45,758.6,mmHg
64617468,08/24/2018 18:00,758.9,mmHg
64617978,08/24/2018 18:00,758.9,mmHg
64619003,08/24/2018 18:00,758.9,mmHg
64616801,08/24/2018 18:00,758.9,mmHg
64617353,08/24/2018 18:00,758.9,mmHg
64619522,08/24/2018 18:00,758.9,mmHg
64616597,08/24/2018 18:00,758.9,mmHg
64619312,08/24/2018 18:00,758.9,mmHg
64617717,08/24/2018 18:00,758.9,mmHg
64618749,08/24/2018 18:00,758.9,mmHg
64617074,08/24/2018 18:00,758.9,mmHg
64618219,08/24/2018 18:00,758.9,mmHg
64619523,08/24/2018 18:15,758.9,mmHg
64619524,08/24/2018 18:30,758.9,mmHg
64619525,08/24/2018 18:45,758.9,mmHg
64619526,08/24/2018 19:00,759.4,mmHg
64619527,08/24/2018 19:15,759.4,mmHg
64619528,08/24/2018 19:30,759.4,mmHg
64619529,08/24/2018 19:45,759.4,mmHg
64619530,08/24/2018 20:00,759.8,mmHg
64619531,08/24/2018 20:15,759.8,mmHg
64619532,08/24/2018 20:30,759.8,mmHg
64619533,08/24/2018 20:45,759.8,mmHg
64624805,08/24/2018 21:00,760.2,mmHg
64624806,08/24/2018 21:15,760.2,mmHg
64624807,08/24/2018 21:30,760.2,mmHg
64624808,08/24/2018 21:45,760.2,mmHg
64624809,08/24/2018 22:00,760.8,mmHg
64624810,08/24/2018 22:15,760.8,mmHg
64624811,08/24/2018 22:30,760.8,mmHg
64624812,08/24/2018 22:45,760.8,mmHg
64624813,08/24/2018 23:00,761,mmHg
64624814,08/24/2018 23:15,761,mmHg
64624815,08/24/2018 23:30,761,mmHg
64624816,08/24/2018 23:45,761,mmHg
64624817,08/25/2018 00:00,761.1,mmHg
64624818,08/25/2018 00:15,761.1,mmHg
64624819,08/25/2018 00:30,761.1,mmHg
64624820,08/25/2018 00:45,761.1,mmHg
64624821,08/25/2018 01:00,761.2,mmHg
64624822,08/25/2018 01:15,761.2,mmHg
64624823,08/25/2018 01:30,761.2,mmHg
64624824,08/25/2018 01:45,761.2,mmHg
64624825,08/25/2018 02:00,761.3,mmHg
64625660,08/25/2018 02:15,761.3,mmHg
64625350,08/25/2018 02:15,761.3,mmHg
64625661,08/25/2018 02:30,761.3,mmHg
64625877,08/25/2018 02:45,761.3,mmHg
64626119,08/25/2018 02:45,761.3,mmHg
64626120,08/25/2018 03:00,761.2,mmHg
64626657,08/25/2018 03:15,761.2,mmHg
64626315,08/25/2018 03:15,761.2,mmHg
64626658,08/25/2018 03:30,761.2,mmHg
64626849,08/25/2018 03:45,761.2,mmHg
64627066,08/25/2018 03:45,761.2,mmHg
64627067,08/25/2018 04:00,761.5,mmHg
64627509,08/25/2018 04:15,761.5,mmHg
64627325,08/25/2018 04:15,761.5,mmHg
64627510,08/25/2018 04:30,761.5,mmHg
64630531,08/25/2018 04:45,761.5,mmHg
64630532,08/25/2018 05:00,761.3,mmHg
64630533,08/25/2018 05:15,761.3,mmHg
64630534,08/25/2018 05:30,761.3,mmHg
64630535,08/25/2018 05:45,761.3,mmHg
64630536,08/25/2018 06:00,761.3,mmHg
64630537,08/25/2018 06:15,761.3,mmHg
64630538,08/25/2018 06:30,761.3,mmHg
64630539,08/25/2018 06:45,761.3,mmHg
64630540,08/25/2018 07:00,761.5,mmHg
64630541,08/25/2018 07:15,761.5,mmHg
64631174,08/25/2018 07:30,761.5,mmHg
64630921,08/25/2018 07:30,761.5,mmHg
64631175,08/25/2018 07:45,761.5,mmHg
64631885,08/25/2018 08:00,761.7,mmHg
64631600,08/25/2018 08:00,761.7,mmHg
64631886,08/25/2018 08:15,761.7,mmHg
64632380,08/25/2018 08:30,761.7,mmHg
64632145,08/25/2018 08:30,761.7,mmHg
64632381,08/25/2018 08:45,761.7,mmHg
64634755,08/25/2018 09:00,761.9,mmHg
64634756,08/25/2018 09:15,761.9,mmHg
64634757,08/25/2018 09:30,761.9,mmHg
64634758,08/25/2018 09:45,761.9,mmHg
64634759,08/25/2018 10:00,761.9,mmHg
64634760,08/25/2018 10:15,761.9,mmHg
64634761,08/25/2018 10:30,761.9,mmHg
64634762,08/25/2018 10:45,761.9,mmHg
64634763,08/25/2018 11:00,761.7,mmHg
64634764,08/25/2018 11:15,761.7,mmHg
64634765,08/25/2018 11:30,761.7,mmHg
64635451,08/25/2018 11:45,761.7,mmHg
64635736,08/25/2018 11:45,761.7,mmHg
64635737,08/25/2018 12:00,761.8,mmHg
64635928,08/25/2018 12:15,761.8,mmHg
64636145,08/25/2018 12:15,761.8,mmHg
64636146,08/25/2018 12:30,761.8,mmHg
64636423,08/25/2018 12:45,761.8,mmHg
64636683,08/25/2018 12:45,761.8,mmHg
64636684,08/25/2018 13:00,761.5,mmHg
64637804,08/25/2018 13:15,761.5,mmHg
64637569,08/25/2018 13:15,761.5,mmHg
64638783,08/25/2018 13:15,761.5,mmHg
64637092,08/25/2018 13:15,761.5,mmHg
64638249,08/25/2018 13:15,761.5,mmHg
64639303,08/25/2018 13:15,761.5,mmHg
64639025,08/25/2018 13:15,761.5,mmHg
64637352,08/25/2018 13:15,761.5,mmHg
64636875,08/25/2018 13:15,761.5,mmHg
64638548,08/25/2018 13:15,761.5,mmHg
64638014,08/25/2018 13:15,761.5,mmHg
64639304,08/25/2018 13:30,761.5,mmHg
64639305,08/25/2018 13:45,761.5,mmHg
64639306,08/25/2018 14:00,761,mmHg
64639307,08/25/2018 14:15,761,mmHg
64639308,08/25/2018 14:30,761,mmHg
64639309,08/25/2018 14:45,761,mmHg
64639310,08/25/2018 15:00,760.6,mmHg
64639311,08/25/2018 15:15,760.6,mmHg
64639312,08/25/2018 15:30,760.6,mmHg
64639313,08/25/2018 15:45,760.6,mmHg
64639314,08/25/2018 16:00,760.1,mmHg
64639917,08/25/2018 16:15,760.1,mmHg
64640202,08/25/2018 16:15,760.1,mmHg
64640203,08/25/2018 16:30,760.1,mmHg
64643060,08/25/2018 16:45,760.1,mmHg
64643061,08/25/2018 17:00,759.7,mmHg
64643062,08/25/2018 17:15,759.7,mmHg
64643063,08/25/2018 17:30,759.7,mmHg
64643064,08/25/2018 17:45,759.7,mmHg
64643065,08/25/2018 18:00,759.3,mmHg
64643066,08/25/2018 18:15,759.3,mmHg
64643067,08/25/2018 18:30,759.3,mmHg
64643068,08/25/2018 18:45,759.3,mmHg
64643069,08/25/2018 19:00,759.1,mmHg
64643070,08/25/2018 19:15,759.1,mmHg
64643653,08/25/2018 19:30,759.1,mmHg
64643456,08/25/2018 19:30,759.1,mmHg
64643654,08/25/2018 19:45,759.1,mmHg
64646430,08/25/2018 20:00,759,mmHg
64646431,08/25/2018 20:15,759,mmHg
64646432,08/25/2018 20:30,759,mmHg
64646433,08/25/2018 20:45,759,mmHg
64646434,08/25/2018 21:00,759.1,mmHg
64646435,08/25/2018 21:15,759.1,mmHg
64646436,08/25/2018 21:30,759.1,mmHg
64646437,08/25/2018 21:45,759.1,mmHg
64646438,08/25/2018 22:00,759.3,mmHg
64646439,08/25/2018 22:15,759.3,mmHg
64646440,08/25/2018 22:30,759.3,mmHg
64647205,08/25/2018 22:45,759.3,mmHg
64646963,08/25/2018 22:45,759.3,mmHg
64647206,08/25/2018 23:00,759.3,mmHg
64647592,08/25/2018 23:15,759.3,mmHg
64647450,08/25/2018 23:15,759.3,mmHg
64647593,08/25/2018 23:30,759.3,mmHg
64650027,08/25/2018 23:45,759.3,mmHg
64650028,08/26/2018 00:00,759.2,mmHg
64650029,08/26/2018 00:15,759.2,mmHg
64650030,08/26/2018 00:30,759.2,mmHg
64650031,08/26/2018 00:45,759.2,mmHg
